Timestamp,Device_ID,CPU_Usage,Memory_Usage,Uptime,Temperature
2025-06-01 00:00:00,D007,61.0,48,271,56
2025-06-01 01:00:00,D008,30.0,58,122,30
2025-06-01 02:00:00,D011,20.0,43,373,25
2025-06-01 03:00:00,D008,33.0,22,662,33
2025-06-01 04:00:00,D002,33.0,63,414,34
2025-06-01 05:00:00,D002,69.0,40,161,62
2025-06-01 06:00:00,D012,53.0,75,876,47
2025-06-01 07:00:00,D020,66.0,22,485,51
2025-06-01 08:00:00,D007,30.0,28,167,29
2025-06-01 09:00:00,D004,34.0,79,14,31
2025-06-01 10:00:00,D009,85.0,51,340,72
2025-06-01 11:00:00,D015,66.0,93,509,56
2025-06-01 12:00:00,D015,94.0,63,81,69
2025-06-01 13:00:00,D018,110.0,63,566,85
2025-06-01 14:00:00,D004,88.0,67,730,73
2025-06-01 15:00:00,D002,69.0,85,270,65
2025-06-01 16:00:00,D016,74.0,57,462,60
2025-06-01 17:00:00,D008,80.0,65,749,59
2025-06-01 18:00:00,D015,83.0,75,217,70
2025-06-01 19:00:00,D013,88.0,64,813,62
2025-06-01 20:00:00,D007,68.0,73,129,61
2025-06-01 21:00:00,D008,33.0,30,499,29
2025-06-01 22:00:00,D008,44.0,54,289,46
2025-06-01 23:00:00,D005,70.0,71,28,95
2025-06-02 00:00:00,D009,17.0,31,930,20
2025-06-02 01:00:00,D016,64.0,42,574,55
2025-06-02 02:00:00,D005,61.0,73,987,48
2025-06-02 03:00:00,D001,44.0,56,943,49
2025-06-02 04:00:00,D003,10.0,24,218,22
2025-06-02 05:00:00,D014,48.0,46,393,52
2025-06-02 06:00:00,D015,35.0,61,892,43
2025-06-02 07:00:00,D019,41.0,58,241,37
2025-06-02 08:00:00,D004,39.0,56,407,39
2025-06-02 09:00:00,D013,24.0,62,541,27
2025-06-02 10:00:00,D013,91.0,56,699,66
2025-06-02 11:00:00,D002,65.0,77,28,60
2025-06-02 12:00:00,D012,98.0,90,348,76
2025-06-02 13:00:00,D007,92.0,50,377,75
2025-06-02 14:00:00,D020,72.0,90,259,59
2025-06-02 15:00:00,D006,67.0,76,649,63
2025-06-02 16:00:00,D005,109.0,101,672,82
2025-06-02 17:00:00,D009,71.0,88,386,54
2025-06-02 18:00:00,D017,96.0,98,952,67
2025-06-02 19:00:00,D017,61.0,51,220,51
2025-06-02 20:00:00,D005,101.0,89,638,71
2025-06-02 21:00:00,D012,50.0,62,836,46
2025-06-02 22:00:00,D011,65.0,78,401,63
2025-06-02 23:00:00,D006,33.0,24,884,30
2025-06-03 00:00:00,D006,31.0,30,511,28
2025-06-03 01:00:00,D009,69.0,78,326,63
2025-06-03 02:00:00,D003,29.0,79,955,30
2025-06-03 03:00:00,D019,35.0,22,511,33
2025-06-03 04:00:00,D020,41.0,26,820,42
2025-06-03 05:00:00,D001,49.0,58,338,46
2025-06-03 06:00:00,D001,20.0,47,953,30
2025-06-03 07:00:00,D018,51.0,57,263,51
2025-06-03 08:00:00,D016,35.0,67,572,31
2025-06-03 09:00:00,D002,10.0,67,254,27
2025-06-03 10:00:00,D005,112.0,94,233,79
2025-06-03 11:00:00,D019,75.0,52,404,62
2025-06-03 12:00:00,D001,83.0,60,625,66
2025-06-03 13:00:00,D004,97.0,89,852,81
2025-06-03 14:00:00,D003,84.0,84,153,72
2025-06-03 15:00:00,D018,92.0,58,720,77
2025-06-03 16:00:00,D009,95.0,82,580,67
2025-06-03 17:00:00,D014,80.0,97,916,65
2025-06-03 18:00:00,D008,66.0,52,401,49
2025-06-03 19:00:00,D016,71.0,71,375,57
2025-06-03 20:00:00,D014,89.0,87,230,75
2025-06-03 21:00:00,D019,63.0,27,283,57
2025-06-03 22:00:00,Device_X,30.0,49,609,39
2025-06-03 23:00:00,D015,42.0,24,829,37
2025-06-04 00:00:00,D004,44.0,68,512,36
2025-06-04 01:00:00,D012,51.0,59,99,51
2025-06-04 02:00:00,D009,46.0,43,349,37
2025-06-04 03:00:00,D014,62.0,50,99,58
2025-06-04 04:00:00,D001,61.0,40,928,52
2025-06-04 05:00:00,D001,12.0,37,793,26
2025-06-04 06:00:00,D003,49.0,65,792,40
2025-06-04 07:00:00,D015,31.0,42,962,42
2025-06-04 08:00:00,D010,11.0,45,785,23
2025-06-04 09:00:00,D001,18.0,62,246,26
2025-06-04 10:00:00,D010,85.0,84,818,69
2025-06-04 11:00:00,Device_X,66.0,85,685,52
2025-06-04 12:00:00,D001,67.0,95,400,63
2025-06-04 13:00:00,D012,93.0,70,800,71
2025-06-04 14:00:00,D019,84.0,71,314,69
2025-06-04 15:00:00,D017,100.0,64,54,59
2025-06-04 16:00:00,D005,106.0,66,103,76
2025-06-04 17:00:00,D006,91.0,79,47,66
2025-06-04 18:00:00,D008,75.0,62,370,66
2025-06-04 19:00:00,D010,89.0,68,657,70
2025-06-04 20:00:00,D019,87.0,75,741,71
2025-06-04 21:00:00,D009,21.0,72,641,31
2025-06-04 22:00:00,D001,56.0,53,96,56
2025-06-04 23:00:00,D016,34.0,59,237,34
2025-06-05 00:00:00,D001,25.0,58,704,39
2025-06-05 01:00:00,D005,47.0,55,76,47
2025-06-05 02:00:00,D016,60.0,56,86,54
2025-06-05 03:00:00,D014,37.0,24,47,32
2025-06-05 04:00:00,D014,61.0,24,204,55
2025-06-05 05:00:00,D016,30.0,58,612,28
2025-06-05 06:00:00,D005,51.0,87,837,43
2025-06-05 07:00:00,D002,61.0,50,906,55
2025-06-05 08:00:00,D019,67.0,51,769,57
2025-06-05 09:00:00,D005,71.0,34,258,52
2025-06-05 10:00:00,D020,83.0,61,690,61
2025-06-05 11:00:00,D001,92.0,92,613,76
2025-06-05 12:00:00,D003,60.0,82,168,55
2025-06-05 13:00:00,D011,88.0,62,12,76
2025-06-05 14:00:00,D014,61.0,99,35,52
2025-06-05 15:00:00,D017,85.0,57,605,70
2025-06-05 16:00:00,D010,85.0,83,115,69
2025-06-05 17:00:00,D007,63.0,99,493,57
2025-06-05 18:00:00,D004,84.0,70,761,63
2025-06-05 19:00:00,D010,96.0,58,920,69
2025-06-05 20:00:00,D017,94.0,97,548,67
2025-06-05 21:00:00,D017,48.0,51,664,44
2025-06-05 22:00:00,D005,37.0,79,217,34
2025-06-05 23:00:00,D009,39.0,36,881,46
2025-06-06 00:00:00,D020,57.0,44,342,56
2025-06-06 01:00:00,D019,58.0,55,396,56
2025-06-06 02:00:00,D009,28.0,31,265,32
2025-06-06 03:00:00,D014,40.0,71,851,43
2025-06-06 04:00:00,D015,25.0,72,69,27
2025-06-06 05:00:00,D012,48.0,79,565,44
2025-06-06 06:00:00,D016,66.0,58,109,53
2025-06-06 07:00:00,D010,,58,398,64
2025-06-06 08:00:00,D005,55.0,55,74,52
2025-06-06 09:00:00,D012,42.0,69,170,43
2025-06-06 10:00:00,D018,100.0,60,422,72
2025-06-06 11:00:00,D008,60.0,71,500,46
2025-06-06 12:00:00,D007,100.0,94,132,63
2025-06-06 13:00:00,D006,90.0,68,445,75
2025-06-06 14:00:00,D007,86.0,59,858,63
2025-06-06 15:00:00,D007,62.0,94,653,48
2025-06-06 16:00:00,D020,87.0,57,829,76
2025-06-06 17:00:00,D009,98.0,50,387,80
2025-06-06 18:00:00,D017,84.0,82,934,64
2025-06-06 19:00:00,D006,91.0,94,829,78
2025-06-06 20:00:00,D016,80.0,60,764,62
2025-06-06 21:00:00,D004,44.0,38,532,44
2025-06-06 22:00:00,D018,66.0,65,373,54
2025-06-06 23:00:00,D003,25.0,42,953,35
2025-06-07 00:00:00,D012,36.0,61,972,38
2025-06-07 01:00:00,D008,67.0,47,676,59
2025-06-07 02:00:00,D008,67.0,79,178,61
2025-06-07 03:00:00,D005,65.0,60,201,49
2025-06-07 04:00:00,D020,100.0,47,752,35
2025-06-07 05:00:00,D013,55.0,54,253,48
2025-06-07 06:00:00,D018,78.0,30,10,63
2025-06-07 07:00:00,D018,82.0,75,801,64
2025-06-07 08:00:00,D001,27.0,51,239,26
2025-06-07 09:00:00,D011,30.0,45,63,36
2025-06-07 10:00:00,D017,72.0,82,610,61
2025-06-07 11:00:00,D003,60.0,70,823,51
2025-06-07 12:00:00,D017,64.0,80,645,53
2025-06-07 13:00:00,D003,82.0,86,565,63
2025-06-07 14:00:00,D010,69.0,68,145,55
2025-06-07 15:00:00,D014,68.0,95,1,52
2025-06-07 16:00:00,D013,72.0,53,446,53
2025-06-07 17:00:00,D017,99.0,81,34,80
2025-06-07 18:00:00,D008,98.0,75,250,69
2025-06-07 19:00:00,D003,71.0,50,54,63
2025-06-07 20:00:00,D005,107.0,84,624,88
2025-06-07 21:00:00,D015,32.0,34,229,33
2025-06-07 22:00:00,D014,11.0,30,435,22
2025-06-07 23:00:00,D006,69.0,53,806,52
2025-06-08 00:00:00,D002,27.0,49,335,36
2025-06-08 01:00:00,D019,43.0,71,249,40
2025-06-08 02:00:00,D001,33.0,34,542,35
2025-06-08 03:00:00,D010,60.0,36,133,58
2025-06-08 04:00:00,D004,19.0,75,401,30
2025-06-08 05:00:00,D017,69.0,39,984,55
2025-06-08 06:00:00,D002,15.0,72,450,31
2025-06-08 07:00:00,D011,52.0,67,971,43
2025-06-08 08:00:00,D015,66.0,42,183,63
2025-06-08 09:00:00,D011,63.0,35,520,50
2025-06-08 10:00:00,D008,63.0,74,195,49
2025-06-08 11:00:00,D018,92.0,76,604,74
2025-06-08 12:00:00,D006,60.0,54,233,57
2025-06-08 13:00:00,D014,93.0,98,78,74
2025-06-08 14:00:00,D013,86.0,58,794,69
2025-06-08 15:00:00,D015,,96,56,71
2025-06-08 16:00:00,D011,76.0,75,804,55
2025-06-08 17:00:00,D008,94.0,64,303,80
2025-06-08 18:00:00,D014,85.0,77,983,74
2025-06-08 19:00:00,D002,85.0,63,699,68
2025-06-08 20:00:00,D019,66.0,52,623,55
2025-06-08 21:00:00,D014,52.0,66,508,53
2025-06-08 22:00:00,D018,79.0,64,15,65
2025-06-08 23:00:00,D005,53.0,42,273,47
2025-06-09 00:00:00,D012,47.0,49,580,47
2025-06-09 01:00:00,D003,50.0,64,146,54
2025-06-09 02:00:00,D004,56.0,41,34,57
2025-06-09 03:00:00,D008,49.0,68,748,41
2025-06-09 04:00:00,D010,50.0,56,518,43
2025-06-09 05:00:00,D002,,75,315,62
2025-06-09 06:00:00,D006,46.0,76,289,41
2025-06-09 07:00:00,D006,15.0,74,624,22
2025-06-09 08:00:00,D011,39.0,50,664,39
2025-06-09 09:00:00,D009,64.0,22,243,62
2025-06-09 10:00:00,D008,96.0,85,920,81
2025-06-09 11:00:00,D006,61.0,69,732,56
2025-06-09 12:00:00,D004,74.0,55,118,54
2025-06-09 13:00:00,D006,61.0,64,715,53
2025-06-09 14:00:00,D019,64.0,55,410,53
2025-06-09 15:00:00,D004,78.0,69,225,59
2025-06-09 16:00:00,D017,71.0,96,1,61
2025-06-09 17:00:00,D014,97.0,86,894,78
2025-06-09 18:00:00,D004,72.0,92,259,53
2025-06-09 19:00:00,D006,69.0,54,919,60
2025-06-09 20:00:00,D012,78.0,68,596,56
2025-06-09 21:00:00,D005,36.0,48,550,37
2025-06-09 22:00:00,D003,39.0,50,817,37
2025-06-09 23:00:00,D012,73.0,45,459,61
2025-06-10 00:00:00,D002,21.0,54,547,22
2025-06-10 01:00:00,D008,31.0,79,832,40
2025-06-10 02:00:00,D008,20.0,60,229,35
2025-06-10 03:00:00,D003,30.0,56,5,30
2025-06-10 04:00:00,D014,35.0,23,601,43
2025-06-10 05:00:00,D010,34.0,37,296,37
2025-06-10 06:00:00,D007,49.0,33,800,41
2025-06-10 07:00:00,D006,42.0,42,575,49
2025-06-10 08:00:00,D001,34.0,36,225,44
2025-06-10 09:00:00,D002,23.0,72,616,30
2025-06-10 10:00:00,D019,98.0,55,646,70
2025-06-10 11:00:00,D007,67.0,91,448,53
2025-06-10 12:00:00,D015,88.0,82,478,68
2025-06-10 13:00:00,D004,88.0,87,441,62
2025-06-10 14:00:00,D005,99.0,92,834,78
2025-06-10 15:00:00,D005,84.0,92,909,74
2025-06-10 16:00:00,D015,95.0,94,216,70
2025-06-10 17:00:00,D015,88.0,57,261,74
2025-06-10 18:00:00,D015,63.0,61,685,48
2025-06-10 19:00:00,D019,95.0,85,794,77
2025-06-10 20:00:00,D005,98.0,72,550,73
2025-06-10 21:00:00,D008,32.0,66,346,42
2025-06-10 22:00:00,D011,21.0,45,141,29
2025-06-10 23:00:00,D018,51.0,60,324,44
2025-06-11 00:00:00,D005,27.0,75,905,31
2025-06-11 01:00:00,D019,38.0,33,296,40
2025-06-11 02:00:00,D011,32.0,20,814,33
2025-06-11 03:00:00,D014,45.0,73,983,45
2025-06-11 04:00:00,D001,63.0,74,371,54
2025-06-11 05:00:00,D015,30.0,66,969,32
2025-06-11 06:00:00,D009,19.0,71,313,25
2025-06-11 07:00:00,D009,44.0,71,537,45
2025-06-11 08:00:00,D011,47.0,21,903,39
2025-06-11 09:00:00,D002,36.0,36,640,41
2025-06-11 10:00:00,D012,99.0,82,710,73
2025-06-11 11:00:00,D001,88.0,92,662,71
2025-06-11 12:00:00,D018,96.0,103,84,75
2025-06-11 13:00:00,D017,79.0,71,476,71
2025-06-11 14:00:00,D008,66.0,50,736,61
2025-06-11 15:00:00,D019,78.0,81,670,68
2025-06-11 16:00:00,D017,88.0,79,144,69
2025-06-11 17:00:00,D019,77.0,50,590,58
2025-06-11 18:00:00,D015,61.0,77,113,47
2025-06-11 19:00:00,D006,63.0,50,264,59
2025-06-11 20:00:00,D007,62.0,81,778,56
2025-06-11 21:00:00,D019,55.0,53,380,43
2025-06-11 22:00:00,D018,33.0,53,313,35
2025-06-11 23:00:00,D003,33.0,42,443,43
2025-06-12 00:00:00,D008,63.0,76,239,51
2025-06-12 01:00:00,D003,60.0,52,604,60
2025-06-12 02:00:00,D008,43.0,54,96,42
2025-06-12 03:00:00,D014,41.0,75,814,44
2025-06-12 04:00:00,D016,13.0,71,165,22
2025-06-12 05:00:00,D014,40.0,74,944,35
2025-06-12 06:00:00,D007,,26,673,27
2025-06-12 07:00:00,D019,57.0,38,548,56
2025-06-12 08:00:00,D018,25.0,28,523,34
2025-06-12 09:00:00,D002,12.0,42,119,28
2025-06-12 10:00:00,D020,64.0,86,934,61
2025-06-12 11:00:00,D009,93.0,93,867,68
2025-06-12 12:00:00,D012,102.0,78,59,84
2025-06-12 13:00:00,D017,76.0,63,521,62
2025-06-12 14:00:00,D002,84.0,88,201,65
2025-06-12 15:00:00,D011,63.0,75,442,59
2025-06-12 16:00:00,D013,93.0,72,805,75
2025-06-12 17:00:00,D006,77.0,70,42,59
2025-06-12 18:00:00,D009,97.0,83,17,72
2025-06-12 19:00:00,D006,71.0,72,629,61
2025-06-12 20:00:00,D006,86.0,89,610,72
2025-06-12 21:00:00,D013,66.0,72,455,58
2025-06-12 22:00:00,D013,26.0,45,981,36
2025-06-12 23:00:00,D014,11.0,79,822,26
2025-06-13 00:00:00,D001,60.0,72,292,48
2025-06-13 01:00:00,D011,100.0,30,512,42
2025-06-13 02:00:00,D017,68.0,58,744,52
2025-06-13 03:00:00,D002,64.0,66,664,53
2025-06-13 04:00:00,D005,84.0,60,751,63
2025-06-13 05:00:00,D019,44.0,71,491,36
2025-06-13 06:00:00,D013,52.0,53,201,50
2025-06-13 07:00:00,D002,62.0,28,713,54
2025-06-13 08:00:00,D017,10.0,44,61,26
2025-06-13 09:00:00,D008,51.0,44,39,42
2025-06-13 10:00:00,D003,96.0,93,172,69
2025-06-13 11:00:00,D006,93.0,61,275,69
2025-06-13 12:00:00,D012,94.0,70,497,80
2025-06-13 13:00:00,D012,87.0,85,991,66
2025-06-13 14:00:00,D017,82.0,86,374,64
2025-06-13 15:00:00,D008,84.0,67,89,71
2025-06-13 16:00:00,D015,85.0,90,877,70
2025-06-13 17:00:00,D015,91.0,59,16,70
2025-06-13 18:00:00,D017,82.0,75,981,64
2025-06-13 19:00:00,D007,73.0,64,629,59
2025-06-13 20:00:00,D009,67.0,99,827,56
2025-06-13 21:00:00,D018,53.0,60,995,42
2025-06-13 22:00:00,D010,48.0,36,526,95
2025-06-13 23:00:00,D003,53.0,79,813,42
2025-06-14 00:00:00,D003,46.0,62,936,46
2025-06-14 01:00:00,D012,,39,516,61
2025-06-14 02:00:00,D013,27.0,52,16,38
2025-06-14 03:00:00,D010,53.0,21,311,43
2025-06-14 04:00:00,D010,43.0,49,251,41
2025-06-14 05:00:00,D013,22.0,37,416,25
2025-06-14 06:00:00,D007,55.0,71,29,56
2025-06-14 07:00:00,D017,38.0,72,748,40
2025-06-14 08:00:00,D016,65.0,63,239,57
2025-06-14 09:00:00,D010,39.0,44,359,36
2025-06-14 10:00:00,D005,70.0,86,429,65
2025-06-14 11:00:00,D018,77.0,80,432,56
2025-06-14 12:00:00,D014,74.0,58,399,54
2025-06-14 13:00:00,D004,71.0,86,61,56
2025-06-14 14:00:00,D011,65.0,88,440,63
2025-06-14 15:00:00,D014,83.0,60,62,71
2025-06-14 16:00:00,D002,84.0,56,564,63
2025-06-14 17:00:00,D008,79.0,78,575,62
2025-06-14 18:00:00,D019,69.0,92,226,59
2025-06-14 19:00:00,D009,62.0,55,517,51
2025-06-14 20:00:00,D015,82.0,98,521,61
2025-06-14 21:00:00,D020,67.0,68,573,60
2025-06-14 22:00:00,D010,44.0,69,850,49
2025-06-14 23:00:00,D017,33.0,22,160,31
2025-06-15 00:00:00,D006,22.0,75,893,37
2025-06-15 01:00:00,D009,13.0,33,357,18
2025-06-15 02:00:00,D011,50.0,75,323,50
2025-06-15 03:00:00,D009,12.0,44,738,28
2025-06-15 04:00:00,D010,18.0,34,40,28
2025-06-15 05:00:00,D005,31.0,90,124,42
2025-06-15 06:00:00,D006,17.0,78,901,29
2025-06-15 07:00:00,D018,29.0,61,114,34
2025-06-15 08:00:00,D013,41.0,48,115,43
2025-06-15 09:00:00,D003,65.0,59,866,56
2025-06-15 10:00:00,D013,92.0,55,216,67
2025-06-15 11:00:00,D016,99.0,77,353,79
2025-06-15 12:00:00,D016,72.0,92,557,61
2025-06-15 13:00:00,D010,95.0,76,422,78
2025-06-15 14:00:00,D007,64.0,92,557,57
2025-06-15 15:00:00,D019,90.0,72,426,73
2025-06-15 16:00:00,D011,89.0,88,927,64
2025-06-15 17:00:00,D004,61.0,63,589,58
2025-06-15 18:00:00,D012,108.0,64,17,81
2025-06-15 19:00:00,D002,83.0,94,675,64
2025-06-15 20:00:00,D019,89.0,56,586,71
2025-06-15 21:00:00,D002,37.0,79,335,45
2025-06-15 22:00:00,D005,51.0,49,864,43
2025-06-15 23:00:00,D018,23.0,56,401,32
2025-06-16 00:00:00,D001,31.0,45,120,38
2025-06-16 01:00:00,D018,72.0,40,948,65
2025-06-16 02:00:00,D012,26.0,58,879,39
2025-06-16 03:00:00,D019,20.0,77,983,31
2025-06-16 04:00:00,D002,55.0,53,285,46
2025-06-16 05:00:00,D017,44.0,32,489,42
2025-06-16 06:00:00,D015,64.0,48,157,58
2025-06-16 07:00:00,D020,41.0,21,687,47
2025-06-16 08:00:00,D020,31.0,30,539,30
2025-06-16 09:00:00,D017,53.0,75,604,53
2025-06-16 10:00:00,D015,75.0,86,955,58
2025-06-16 11:00:00,D006,78.0,54,387,66
2025-06-16 12:00:00,D001,97.0,64,162,80
2025-06-16 13:00:00,D003,84.0,73,524,61
2025-06-16 14:00:00,D015,75.0,76,584,66
2025-06-16 15:00:00,D014,100.0,66,605,64
2025-06-16 16:00:00,D008,74.0,76,686,55
2025-06-16 17:00:00,D020,66.0,52,349,60
2025-06-16 18:00:00,D003,79.0,95,527,65
2025-06-16 19:00:00,D014,66.0,66,894,60
2025-06-16 20:00:00,D020,95.0,58,678,75
2025-06-16 21:00:00,D002,33.0,27,395,41
2025-06-16 22:00:00,D017,17.0,40,274,33
2025-06-16 23:00:00,D018,70.0,79,801,63
2025-06-17 00:00:00,D006,50.0,27,779,45
2025-06-17 01:00:00,D019,,60,401,40
2025-06-17 02:00:00,D014,41.0,34,592,39
2025-06-17 03:00:00,D020,42.0,29,936,36
2025-06-17 04:00:00,D001,11.0,52,801,24
2025-06-17 05:00:00,D013,39.0,52,589,36
2025-06-17 06:00:00,D007,11.0,57,871,25
2025-06-17 07:00:00,D014,67.0,69,143,51
2025-06-17 08:00:00,D010,64.0,63,305,55
2025-06-17 09:00:00,D011,12.0,78,902,25
2025-06-17 10:00:00,D006,68.0,88,223,58
2025-06-17 11:00:00,D018,100.0,63,860,75
2025-06-17 12:00:00,D020,66.0,60,84,52
2025-06-17 13:00:00,D006,81.0,75,895,60
2025-06-17 14:00:00,D009,73.0,60,978,58
2025-06-17 15:00:00,D012,100.0,68,122,72
2025-06-17 16:00:00,D014,95.0,94,904,79
2025-06-17 17:00:00,D019,77.0,55,914,58
2025-06-17 18:00:00,D005,103.0,104,755,73
2025-06-17 19:00:00,D015,92.0,56,332,65
2025-06-17 20:00:00,D020,96.0,53,732,78
2025-06-17 21:00:00,D020,69.0,43,562,51
2025-06-17 22:00:00,D019,41.0,60,420,43
2025-06-17 23:00:00,D002,45.0,21,335,38
2025-06-18 00:00:00,D004,15.0,58,938,21
2025-06-18 01:00:00,D019,67.0,73,637,61
2025-06-18 02:00:00,D003,54.0,37,552,46
2025-06-18 03:00:00,D015,42.0,54,794,42
2025-06-18 04:00:00,D004,57.0,49,599,53
2025-06-18 05:00:00,D012,34.0,44,293,34
2025-06-18 06:00:00,D006,,60,318,47
2025-06-18 07:00:00,D015,23.0,75,231,31
2025-06-18 08:00:00,D020,11.0,58,838,16
2025-06-18 09:00:00,D002,44.0,56,261,50
2025-06-18 10:00:00,D001,99.0,61,952,72
2025-06-18 11:00:00,D013,82.0,96,287,69
2025-06-18 12:00:00,D010,62.0,63,592,56
2025-06-18 13:00:00,D010,71.0,79,361,95
2025-06-18 14:00:00,D005,89.0,70,576,68
2025-06-18 15:00:00,D020,87.0,92,933,76
2025-06-18 16:00:00,D005,81.0,91,632,69
2025-06-18 17:00:00,D015,74.0,55,620,64
2025-06-18 18:00:00,D020,73.0,51,969,67
2025-06-18 19:00:00,D005,89.0,86,35,68
2025-06-18 20:00:00,D005,74.0,89,206,65
2025-06-18 21:00:00,D010,29.0,72,242,34
2025-06-18 22:00:00,D011,43.0,44,306,47
2025-06-18 23:00:00,D007,40.0,75,495,44
2025-06-19 00:00:00,D018,47.0,71,151,51
2025-06-19 01:00:00,D013,61.0,35,946,55
2025-06-19 02:00:00,D008,59.0,40,129,51
2025-06-19 03:00:00,D008,38.0,51,358,36
2025-06-19 04:00:00,D015,31.0,66,802,28
2025-06-19 05:00:00,D011,19.0,49,114,95
2025-06-19 06:00:00,D017,35.0,27,303,38
2025-06-19 07:00:00,D017,21.0,46,840,30
2025-06-19 08:00:00,D014,13.0,52,1,19
2025-06-19 09:00:00,D016,23.0,72,304,27
2025-06-19 10:00:00,D009,85.0,77,962,62
2025-06-19 11:00:00,D006,68.0,82,681,58
2025-06-19 12:00:00,D016,72.0,58,757,65
2025-06-19 13:00:00,D009,70.0,53,610,64
2025-06-19 14:00:00,D006,63.0,87,19,52
2025-06-19 15:00:00,D002,77.0,62,279,58
2025-06-19 16:00:00,D013,70.0,50,344,65
2025-06-19 17:00:00,D007,84.0,70,655,60
2025-06-19 18:00:00,D012,80.0,71,828,70
2025-06-19 19:00:00,D001,91.0,98,291,75
2025-06-19 20:00:00,D006,85.0,60,867,68
2025-06-19 21:00:00,D014,23.0,29,962,36
2025-06-19 22:00:00,D009,12.0,40,794,24
2025-06-19 23:00:00,D016,11.0,25,924,20
2025-06-20 00:00:00,D012,28.0,61,783,36
2025-06-20 01:00:00,D016,32.0,25,814,30
2025-06-20 02:00:00,D012,82.0,73,619,65
2025-06-20 03:00:00,D016,56.0,72,124,57
2025-06-20 04:00:00,D004,20.0,70,783,25
2025-06-20 05:00:00,D013,31.0,38,802,41
2025-06-20 06:00:00,D004,57.0,72,564,57
2025-06-20 07:00:00,D015,37.0,54,648,41
2025-06-20 08:00:00,D004,39.0,37,2,33
2025-06-20 09:00:00,D013,13.0,45,345,30
2025-06-20 10:00:00,D011,100.0,80,108,58
2025-06-20 11:00:00,D007,72.0,80,583,67
2025-06-20 12:00:00,D017,95.0,69,452,72
2025-06-20 13:00:00,D007,60.0,93,376,58
2025-06-20 14:00:00,D010,100.0,71,118,57
2025-06-20 15:00:00,D009,85.0,58,783,70
2025-06-20 16:00:00,D010,67.0,73,720,50
2025-06-20 17:00:00,D005,80.0,106,612,69
2025-06-20 18:00:00,D007,69.0,74,146,53
2025-06-20 19:00:00,D004,69.0,82,439,52
2025-06-20 20:00:00,D005,105.0,98,631,77
2025-06-20 21:00:00,D017,31.0,67,805,42
2025-06-20 22:00:00,D003,37.0,26,160,42
2025-06-20 23:00:00,D010,18.0,33,77,32
2025-06-21 00:00:00,D002,44.0,26,597,37
2025-06-21 01:00:00,D003,51.0,73,637,46
2025-06-21 02:00:00,D009,58.0,30,999,51
2025-06-21 03:00:00,D014,28.0,23,218,31
2025-06-21 04:00:00,D010,41.0,58,621,47
2025-06-21 05:00:00,D004,49.0,56,353,42
2025-06-21 06:00:00,D003,18.0,27,353,30
2025-06-21 07:00:00,D006,50.0,58,708,52
2025-06-21 08:00:00,D017,69.0,21,956,55
2025-06-21 09:00:00,D012,50.0,63,230,47
2025-06-21 10:00:00,D018,81.0,100,342,63
2025-06-21 11:00:00,D002,82.0,93,770,64
2025-06-21 12:00:00,D017,94.0,83,471,79
2025-06-21 13:00:00,D020,67.0,71,812,59
2025-06-21 14:00:00,D004,64.0,62,477,62
2025-06-21 15:00:00,D015,75.0,91,446,68
2025-06-21 16:00:00,D016,71.0,66,400,63
2025-06-21 17:00:00,D008,79.0,52,656,70
2025-06-21 18:00:00,D013,82.0,77,627,66
2025-06-21 19:00:00,D005,96.0,94,633,80
2025-06-21 20:00:00,D020,65.0,71,978,56
2025-06-21 21:00:00,D007,41.0,52,784,45
2025-06-21 22:00:00,D006,61.0,53,509,59
2025-06-21 23:00:00,D004,42.0,42,114,47
2025-06-22 00:00:00,D002,50.0,40,770,50
2025-06-22 01:00:00,D009,10.0,30,835,19
2025-06-22 02:00:00,D004,27.0,74,262,28
2025-06-22 03:00:00,D011,24.0,41,316,28
2025-06-22 04:00:00,D020,51.0,31,239,40
2025-06-22 05:00:00,D010,47.0,37,429,40
2025-06-22 06:00:00,D010,39.0,33,134,35
2025-06-22 07:00:00,D016,16.0,71,526,27
2025-06-22 08:00:00,D015,30.0,54,578,38
2025-06-22 09:00:00,Device_X,44.0,37,206,39
2025-06-22 10:00:00,D018,80.0,87,253,63
2025-06-22 11:00:00,D001,95.0,80,782,67
2025-06-22 12:00:00,D014,75.0,95,381,58
2025-06-22 13:00:00,D003,94.0,90,902,74
2025-06-22 14:00:00,D013,93.0,57,917,66
2025-06-22 15:00:00,D004,84.0,64,580,72
2025-06-22 16:00:00,D012,104.0,87,989,83
2025-06-22 17:00:00,D006,91.0,78,43,77
2025-06-22 18:00:00,D002,82.0,68,287,61
2025-06-22 19:00:00,D005,97.0,96,642,81
2025-06-22 20:00:00,D011,90.0,64,457,70
2025-06-22 21:00:00,D019,18.0,54,149,28
2025-06-22 22:00:00,D014,60.0,26,80,57
2025-06-22 23:00:00,D001,13.0,23,615,24
2025-06-23 00:00:00,D017,46.0,58,380,40
2025-06-23 01:00:00,D020,45.0,79,422,43
2025-06-23 02:00:00,D018,58.0,82,155,55
2025-06-23 03:00:00,D014,16.0,56,598,23
2025-06-23 04:00:00,D002,36.0,40,246,36
2025-06-23 05:00:00,D015,30.0,29,471,37
2025-06-23 06:00:00,D007,14.0,20,13,22
2025-06-23 07:00:00,D018,68.0,46,997,62
2025-06-23 08:00:00,D004,26.0,54,497,36
2025-06-23 09:00:00,D011,30.0,71,768,34
2025-06-23 10:00:00,D004,93.0,97,764,66
2025-06-23 11:00:00,D008,94.0,90,733,69
2025-06-23 12:00:00,D006,80.0,91,397,58
2025-06-23 13:00:00,D009,76.0,58,425,55
2025-06-23 14:00:00,D002,88.0,82,10,63
2025-06-23 15:00:00,D008,80.0,77,715,64
2025-06-23 16:00:00,D002,67.0,71,200,50
2025-06-23 17:00:00,D015,76.0,72,856,67
2025-06-23 18:00:00,D019,64.0,81,940,48
2025-06-23 19:00:00,D005,84.0,75,87,70
2025-06-23 20:00:00,D001,83.0,84,664,59
2025-06-23 21:00:00,D005,46.0,54,927,50
2025-06-23 22:00:00,D004,20.0,71,399,24
2025-06-23 23:00:00,D007,60.0,47,563,56
2025-06-24 00:00:00,D005,29.0,61,320,36
2025-06-24 01:00:00,D006,56.0,51,368,54
2025-06-24 02:00:00,D017,40.0,27,768,41
2025-06-24 03:00:00,D009,11.0,34,946,18
2025-06-24 04:00:00,D017,45.0,23,590,45
2025-06-24 05:00:00,D009,34.0,77,119,43
2025-06-24 06:00:00,D018,32.0,52,770,34
2025-06-24 07:00:00,D013,62.0,51,351,58
2025-06-24 08:00:00,D002,20.0,29,783,22
2025-06-24 09:00:00,D008,27.0,74,969,34
2025-06-24 10:00:00,D008,73.0,74,626,58
2025-06-24 11:00:00,D020,89.0,69,725,74
2025-06-24 12:00:00,D019,80.0,84,122,71
2025-06-24 13:00:00,D007,71.0,90,943,53
2025-06-24 14:00:00,D013,80.0,57,302,65
2025-06-24 15:00:00,D014,66.0,72,236,59
2025-06-24 16:00:00,D011,84.0,71,860,72
2025-06-24 17:00:00,D013,77.0,51,541,60
2025-06-24 18:00:00,D015,86.0,99,607,75
2025-06-24 19:00:00,D019,82.0,73,44,71
2025-06-24 20:00:00,D011,96.0,82,696,69
2025-06-24 21:00:00,D019,32.0,48,30,35
2025-06-24 22:00:00,D012,70.0,56,362,61
2025-06-24 23:00:00,D016,17.0,20,876,24
2025-06-25 00:00:00,D003,10.0,23,104,18
2025-06-25 01:00:00,D010,43.0,62,473,44
2025-06-25 02:00:00,D014,48.0,46,923,39
2025-06-25 03:00:00,D009,57.0,32,393,47
2025-06-25 04:00:00,D004,31.0,61,602,37
2025-06-25 05:00:00,D012,44.0,39,437,44
2025-06-25 06:00:00,D020,20.0,35,755,36
2025-06-25 07:00:00,D006,65.0,38,101,58
2025-06-25 08:00:00,D004,56.0,23,20,52
2025-06-25 09:00:00,D003,35.0,56,742,35
2025-06-25 10:00:00,D008,98.0,70,202,73
2025-06-25 11:00:00,D014,63.0,94,20,47
2025-06-25 12:00:00,D007,63.0,78,526,49
2025-06-25 13:00:00,D005,92.0,65,162,78
2025-06-25 14:00:00,D018,90.0,85,319,77
2025-06-25 15:00:00,D019,81.0,73,109,69
2025-06-25 16:00:00,D006,90.0,85,704,66
2025-06-25 17:00:00,Device_X,95.0,79,183,67
2025-06-25 18:00:00,D001,77.0,98,763,67
2025-06-25 19:00:00,D015,70.0,94,161,52
2025-06-25 20:00:00,D006,63.0,69,752,61
2025-06-25 21:00:00,D015,15.0,66,78,30
2025-06-25 22:00:00,D011,48.0,28,602,42
2025-06-25 23:00:00,Device_X,19.0,69,771,33
2025-06-26 00:00:00,D011,58.0,49,254,49
2025-06-26 01:00:00,D013,15.0,36,877,21
2025-06-26 02:00:00,D019,51.0,54,302,49
2025-06-26 03:00:00,Device_X,14.0,48,832,22
2025-06-26 04:00:00,D020,58.0,40,74,48
2025-06-26 05:00:00,D004,100.0,45,260,32
2025-06-26 06:00:00,D007,48.0,69,931,38
2025-06-26 07:00:00,D004,15.0,60,182,32
2025-06-26 08:00:00,D012,82.0,88,985,62
2025-06-26 09:00:00,D012,66.0,60,163,55
2025-06-26 10:00:00,D014,69.0,65,400,56
2025-06-26 11:00:00,D010,84.0,62,582,71
2025-06-26 12:00:00,D009,95.0,92,596,68
2025-06-26 13:00:00,D011,80.0,53,690,58
2025-06-26 14:00:00,D007,65.0,64,978,56
2025-06-26 15:00:00,D011,79.0,73,655,63
2025-06-26 16:00:00,D010,85.0,93,888,74
2025-06-26 17:00:00,D005,94.0,74,599,75
2025-06-26 18:00:00,D005,95.0,105,857,71
2025-06-26 19:00:00,D012,106.0,107,895,82
2025-06-26 20:00:00,D007,81.0,82,593,65
2025-06-26 21:00:00,D002,37.0,77,43,40
2025-06-26 22:00:00,D007,31.0,68,529,29
2025-06-26 23:00:00,D006,55.0,25,610,43
2025-06-27 00:00:00,D010,30.0,24,514,33
2025-06-27 01:00:00,D016,66.0,21,842,50
2025-06-27 02:00:00,D016,57.0,70,637,50
2025-06-27 03:00:00,Device_X,50.0,76,956,50
2025-06-27 04:00:00,D010,44.0,70,831,36
2025-06-27 05:00:00,D007,30.0,39,154,42
2025-06-27 06:00:00,D004,55.0,71,214,57
2025-06-27 07:00:00,D008,30.0,34,726,31
2025-06-27 08:00:00,D014,36.0,60,680,40
2025-06-27 09:00:00,D017,11.0,44,760,29
2025-06-27 10:00:00,D003,67.0,93,97,59
2025-06-27 11:00:00,D020,94.0,55,679,69
2025-06-27 12:00:00,D018,90.0,66,268,73
2025-06-27 13:00:00,D008,83.0,77,297,62
2025-06-27 14:00:00,D005,96.0,70,559,81
2025-06-27 15:00:00,D016,99.0,67,554,80
2025-06-27 16:00:00,D020,65.0,61,386,55
2025-06-27 17:00:00,D016,62.0,94,259,57
2025-06-27 18:00:00,D018,109.0,92,520,79
2025-06-27 19:00:00,D016,96.0,53,990,72
2025-06-27 20:00:00,D014,78.0,81,649,67
2025-06-27 21:00:00,D011,55.0,74,16,43
2025-06-27 22:00:00,D013,64.0,72,533,61
2025-06-27 23:00:00,D013,43.0,23,924,40
2025-06-28 00:00:00,D005,44.0,30,793,39
2025-06-28 01:00:00,D002,35.0,24,227,43
2025-06-28 02:00:00,D009,61.0,57,434,51
2025-06-28 03:00:00,D019,69.0,63,377,61
2025-06-28 04:00:00,D002,56.0,63,876,51
2025-06-28 05:00:00,D002,31.0,22,588,39
2025-06-28 06:00:00,D016,30.0,47,760,37
2025-06-28 07:00:00,D001,30.0,54,692,29
2025-06-28 08:00:00,D009,60.0,66,338,55
2025-06-28 09:00:00,D011,66.0,42,176,54
2025-06-28 10:00:00,D017,64.0,93,651,61
2025-06-28 11:00:00,D015,86.0,84,289,64
2025-06-28 12:00:00,D016,93.0,51,483,72
2025-06-28 13:00:00,D015,98.0,55,201,71
2025-06-28 14:00:00,D001,67.0,72,640,64
2025-06-28 15:00:00,D003,63.0,74,815,95
2025-06-28 16:00:00,D015,80.0,84,313,62
2025-06-28 17:00:00,D014,73.0,85,460,53
2025-06-28 18:00:00,D007,68.0,84,764,62
2025-06-28 19:00:00,D015,77.0,82,646,66
2025-06-28 20:00:00,D002,97.0,63,612,72
2025-06-28 21:00:00,D008,44.0,38,542,50
2025-06-28 22:00:00,D014,68.0,39,881,58
2025-06-28 23:00:00,D008,33.0,33,154,34
2025-06-29 00:00:00,D016,66.0,38,622,51
2025-06-29 01:00:00,D003,51.0,38,713,51
2025-06-29 02:00:00,D020,54.0,26,718,56
2025-06-29 03:00:00,D009,68.0,79,375,58
2025-06-29 04:00:00,D019,56.0,71,398,50
2025-06-29 05:00:00,D006,62.0,55,936,47
2025-06-29 06:00:00,D009,42.0,75,820,43
2025-06-29 07:00:00,D014,20.0,72,739,30
2025-06-29 08:00:00,D014,39.0,60,708,43
2025-06-29 09:00:00,D004,37.0,27,514,40
2025-06-29 10:00:00,D014,81.0,90,632,72
2025-06-29 11:00:00,D016,88.0,98,432,75
2025-06-29 12:00:00,D012,105.0,69,767,77
2025-06-29 13:00:00,D005,91.0,91,201,76
2025-06-29 14:00:00,D009,63.0,84,977,48
2025-06-29 15:00:00,D001,67.0,94,343,64
2025-06-29 16:00:00,D008,71.0,61,174,66
2025-06-29 17:00:00,D015,78.0,75,820,68
2025-06-29 18:00:00,D008,80.0,87,788,66
2025-06-29 19:00:00,D019,63.0,56,348,58
2025-06-29 20:00:00,D004,81.0,61,941,60
2025-06-29 21:00:00,D012,22.0,54,361,23
2025-06-29 22:00:00,D008,32.0,57,262,34
2025-06-29 23:00:00,D018,41.0,45,283,41
2025-06-30 00:00:00,D019,69.0,61,449,59
2025-06-30 01:00:00,D013,58.0,54,424,57
2025-06-30 02:00:00,D003,57.0,64,852,51
2025-06-30 03:00:00,D017,,57,49,36
2025-06-30 04:00:00,D017,17.0,62,404,31
2025-06-30 05:00:00,D001,35.0,58,341,35
2025-06-30 06:00:00,D017,51.0,62,822,53
2025-06-30 07:00:00,D009,18.0,43,549,20
2025-06-30 08:00:00,D009,26.0,43,789,27
2025-06-30 09:00:00,D007,64.0,60,551,95
2025-06-30 10:00:00,D011,78.0,60,333,70
2025-06-30 11:00:00,D014,60.0,89,620,48
2025-06-30 12:00:00,D012,81.0,62,301,67
2025-06-30 13:00:00,D007,87.0,54,520,70
2025-06-30 14:00:00,D014,82.0,79,431,65
2025-06-30 15:00:00,D017,79.0,67,658,58
2025-06-30 16:00:00,D004,,82,639,66
2025-06-30 17:00:00,D018,113.0,76,113,77
2025-06-30 18:00:00,D012,90.0,96,959,76
2025-06-30 19:00:00,D009,69.0,51,819,61
2025-06-30 20:00:00,D013,69.0,63,210,53
2025-06-30 21:00:00,D009,66.0,58,540,51
2025-06-30 22:00:00,D020,15.0,46,629,20
2025-06-30 23:00:00,D006,12.0,35,350,24
2025-07-01 00:00:00,D002,26.0,60,268,27
2025-07-01 01:00:00,D011,10.0,74,813,30
2025-07-01 02:00:00,D005,48.0,79,408,46
2025-07-01 03:00:00,D006,37.0,40,438,42
2025-07-01 04:00:00,D018,61.0,67,949,51
2025-07-01 05:00:00,D012,55.0,58,156,54
2025-07-01 06:00:00,D015,50.0,42,360,50
2025-07-01 07:00:00,D016,41.0,77,825,39
2025-07-01 08:00:00,D004,69.0,52,920,57
2025-07-01 09:00:00,D002,65.0,47,933,55
2025-07-01 10:00:00,D004,96.0,50,193,81
2025-07-01 11:00:00,D020,78.0,78,202,67
2025-07-01 12:00:00,D018,97.0,89,806,72
2025-07-01 13:00:00,D008,93.0,97,628,72
2025-07-01 14:00:00,D012,110.0,55,877,77
2025-07-01 15:00:00,D005,101.0,81,666,80
2025-07-01 16:00:00,D014,86.0,91,563,62
2025-07-01 17:00:00,D006,74.0,79,938,58
2025-07-01 18:00:00,D005,112.0,94,708,78
2025-07-01 19:00:00,D009,88.0,62,59,76
2025-07-01 20:00:00,D020,76.0,94,736,60
2025-07-01 21:00:00,D004,14.0,56,489,18
2025-07-01 22:00:00,D013,43.0,64,854,39
2025-07-01 23:00:00,D019,12.0,61,354,29
2025-07-02 00:00:00,D019,67.0,68,341,63
2025-07-02 01:00:00,D012,46.0,71,499,37
2025-07-02 02:00:00,D003,22.0,66,866,33
2025-07-02 03:00:00,D004,60.0,36,99,57
2025-07-02 04:00:00,D018,67.0,53,762,52
2025-07-02 05:00:00,D005,65.0,49,657,53
2025-07-02 06:00:00,D004,63.0,38,64,57
2025-07-02 07:00:00,D002,20.0,73,685,36
2025-07-02 08:00:00,D012,78.0,51,476,60
2025-07-02 09:00:00,D017,65.0,39,937,62
2025-07-02 10:00:00,D012,77.0,73,666,67
2025-07-02 11:00:00,D012,107.0,69,228,79
2025-07-02 12:00:00,D011,92.0,73,407,79
2025-07-02 13:00:00,D011,76.0,63,731,56
2025-07-02 14:00:00,D019,63.0,56,365,49
2025-07-02 15:00:00,D016,68.0,57,116,62
2025-07-02 16:00:00,D017,76.0,98,737,62
2025-07-02 17:00:00,D019,97.0,52,443,72
2025-07-02 18:00:00,D013,90.0,65,114,69
2025-07-02 19:00:00,D011,62.0,59,810,60
2025-07-02 20:00:00,D016,71.0,51,681,59
2025-07-02 21:00:00,D003,65.0,49,57,62
2025-07-02 22:00:00,D015,44.0,38,370,43
2025-07-02 23:00:00,D017,49.0,26,542,45
2025-07-03 00:00:00,D003,100.0,55,25,20
2025-07-03 01:00:00,D001,24.0,56,141,31
2025-07-03 02:00:00,D008,14.0,79,128,26
2025-07-03 03:00:00,D001,45.0,54,194,51
2025-07-03 04:00:00,D008,32.0,28,802,42
2025-07-03 05:00:00,D014,13.0,49,991,22
2025-07-03 06:00:00,D011,44.0,27,771,49
2025-07-03 07:00:00,D013,54.0,51,290,54
2025-07-03 08:00:00,D019,68.0,57,528,51
2025-07-03 09:00:00,D008,26.0,74,162,34
2025-07-03 10:00:00,D016,97.0,51,450,77
2025-07-03 11:00:00,D013,90.0,83,295,66
2025-07-03 12:00:00,D008,82.0,63,632,72
2025-07-03 13:00:00,D007,98.0,50,913,76
2025-07-03 14:00:00,D013,80.0,68,53,60
2025-07-03 15:00:00,D017,82.0,81,446,68
2025-07-03 16:00:00,D010,95.0,57,566,70
2025-07-03 17:00:00,D020,91.0,99,14,65
2025-07-03 18:00:00,D014,83.0,64,22,72
2025-07-03 19:00:00,D004,72.0,72,776,54
2025-07-03 20:00:00,D012,101.0,69,760,71
2025-07-03 21:00:00,D011,100.0,31,561,54
2025-07-03 22:00:00,D017,67.0,48,154,51
2025-07-03 23:00:00,D006,26.0,42,88,26
2025-07-04 00:00:00,D008,50.0,25,325,51
2025-07-04 01:00:00,D011,66.0,20,619,51
2025-07-04 02:00:00,D009,36.0,53,428,34
2025-07-04 03:00:00,D004,27.0,34,819,38
2025-07-04 04:00:00,D019,58.0,25,624,51
2025-07-04 05:00:00,D012,70.0,70,471,61
2025-07-04 06:00:00,D001,69.0,46,729,58
2025-07-04 07:00:00,D010,56.0,42,725,47
2025-07-04 08:00:00,D011,22.0,56,929,30
2025-07-04 09:00:00,D012,33.0,49,606,37
2025-07-04 10:00:00,D020,78.0,68,652,60
2025-07-04 11:00:00,D010,76.0,86,502,61
2025-07-04 12:00:00,D009,94.0,96,496,67
2025-07-04 13:00:00,D014,94.0,93,873,77
2025-07-04 14:00:00,D007,72.0,67,741,65
2025-07-04 15:00:00,D004,90.0,51,528,72
2025-07-04 16:00:00,D009,97.0,60,822,75
2025-07-04 17:00:00,D001,100.0,94,855,79
2025-07-04 18:00:00,D013,,58,728,72
2025-07-04 19:00:00,D007,95.0,67,3,78
2025-07-04 20:00:00,D006,80.0,77,488,63
2025-07-04 21:00:00,D001,45.0,40,252,47
2025-07-04 22:00:00,D003,22.0,76,49,28
2025-07-04 23:00:00,D010,62.0,63,815,51
2025-07-05 00:00:00,D010,55.0,32,677,48
2025-07-05 01:00:00,D002,31.0,36,868,41
2025-07-05 02:00:00,D010,44.0,44,387,50
2025-07-05 03:00:00,D006,26.0,31,182,28
2025-07-05 04:00:00,D011,34.0,55,378,41
2025-07-05 05:00:00,D006,10.0,39,119,27
2025-07-05 06:00:00,D016,56.0,36,104,54
2025-07-05 07:00:00,D012,50.0,87,699,54
2025-07-05 08:00:00,D009,43.0,56,134,41
2025-07-05 09:00:00,D001,64.0,77,519,51
2025-07-05 10:00:00,D012,89.0,73,973,69
2025-07-05 11:00:00,D004,68.0,81,331,57
2025-07-05 12:00:00,D001,82.0,74,504,66
2025-07-05 13:00:00,D013,81.0,53,616,60
2025-07-05 14:00:00,D009,,83,226,73
2025-07-05 15:00:00,D013,74.0,72,940,63
2025-07-05 16:00:00,D004,85.0,89,393,67
2025-07-05 17:00:00,D005,102.0,79,233,71
2025-07-05 18:00:00,D012,84.0,105,25,69
2025-07-05 19:00:00,D013,78.0,60,461,60
2025-07-05 20:00:00,D008,99.0,53,863,80
2025-07-05 21:00:00,D011,52.0,20,49,55
2025-07-05 22:00:00,D020,100.0,43,438,49
2025-07-05 23:00:00,D015,40.0,60,686,35
2025-07-06 00:00:00,D017,59.0,24,596,48
2025-07-06 01:00:00,D009,20.0,75,566,22
2025-07-06 02:00:00,D018,58.0,60,277,57
2025-07-06 03:00:00,D005,30.0,63,590,37
2025-07-06 04:00:00,D014,22.0,50,734,25
2025-07-06 05:00:00,D006,38.0,27,428,44
2025-07-06 06:00:00,D011,53.0,52,721,51
2025-07-06 07:00:00,D013,59.0,30,863,56
2025-07-06 08:00:00,D012,28.0,67,252,33
2025-07-06 09:00:00,D012,38.0,62,19,38
2025-07-06 10:00:00,D006,77.0,75,390,59
2025-07-06 11:00:00,D012,98.0,92,848,69
2025-07-06 12:00:00,D002,67.0,62,362,57
2025-07-06 13:00:00,D004,89.0,50,427,69
2025-07-06 14:00:00,D017,79.0,73,754,62
2025-07-06 15:00:00,D012,87.0,94,613,73
2025-07-06 16:00:00,D010,80.0,73,170,69
2025-07-06 17:00:00,D008,61.0,57,944,56
2025-07-06 18:00:00,D005,98.0,92,740,76
2025-07-06 19:00:00,D002,60.0,81,601,58
2025-07-06 20:00:00,D007,62.0,69,404,51
2025-07-06 21:00:00,D003,44.0,68,359,46
2025-07-06 22:00:00,D014,26.0,37,685,28
2025-07-06 23:00:00,D020,62.0,46,82,50
2025-07-07 00:00:00,D001,59.0,20,58,95
2025-07-07 01:00:00,D013,29.0,71,855,36
2025-07-07 02:00:00,D011,50.0,60,901,49
2025-07-07 03:00:00,D001,26.0,41,354,32
2025-07-07 04:00:00,D013,50.0,48,580,44
2025-07-07 05:00:00,D011,65.0,70,661,51
2025-07-07 06:00:00,D012,47.0,81,303,44
2025-07-07 07:00:00,D007,35.0,59,645,35
2025-07-07 08:00:00,D014,13.0,42,874,20
2025-07-07 09:00:00,D015,59.0,71,109,57
2025-07-07 10:00:00,D008,78.0,97,615,69
2025-07-07 11:00:00,D014,86.0,53,890,75
2025-07-07 12:00:00,D003,96.0,50,707,81
2025-07-07 13:00:00,D008,95.0,83,989,74
2025-07-07 14:00:00,D010,63.0,52,290,55
2025-07-07 15:00:00,D017,82.0,72,877,63
2025-07-07 16:00:00,D009,65.0,86,825,58
2025-07-07 17:00:00,D008,66.0,88,934,53
2025-07-07 18:00:00,D020,62.0,71,815,50
2025-07-07 19:00:00,D012,115.0,94,909,85
2025-07-07 20:00:00,D018,107.0,93,206,82
2025-07-07 21:00:00,D016,68.0,66,886,53
2025-07-07 22:00:00,D007,25.0,75,22,29
2025-07-07 23:00:00,D008,58.0,35,571,50
2025-07-08 00:00:00,D010,19.0,51,443,22
2025-07-08 01:00:00,D009,26.0,30,480,34
2025-07-08 02:00:00,D017,13.0,67,436,31
2025-07-08 03:00:00,D005,57.0,81,563,47
2025-07-08 04:00:00,D017,50.0,43,194,47
2025-07-08 05:00:00,D015,41.0,58,891,39
2025-07-08 06:00:00,D001,56.0,42,378,49
2025-07-08 07:00:00,D017,43.0,78,681,47
2025-07-08 08:00:00,D009,22.0,25,262,26
2025-07-08 09:00:00,D020,62.0,22,337,61
2025-07-08 10:00:00,D017,71.0,97,175,64
2025-07-08 11:00:00,D001,76.0,52,474,69
2025-07-08 12:00:00,D004,91.0,81,128,67
2025-07-08 13:00:00,D018,91.0,99,488,77
2025-07-08 14:00:00,D001,73.0,83,701,59
2025-07-08 15:00:00,D004,83.0,78,851,64
2025-07-08 16:00:00,D001,99.0,68,193,73
2025-07-08 17:00:00,D016,65.0,89,525,62
2025-07-08 18:00:00,D003,78.0,61,592,66
2025-07-08 19:00:00,D011,69.0,74,660,65
2025-07-08 20:00:00,D004,82.0,51,376,64
2025-07-08 21:00:00,D019,66.0,56,840,55
2025-07-08 22:00:00,Device_X,65.0,74,451,50
2025-07-08 23:00:00,D016,64.0,38,179,49
2025-07-09 00:00:00,D020,25.0,27,124,25
2025-07-09 01:00:00,D017,21.0,72,331,26
2025-07-09 02:00:00,D012,36.0,34,569,42
2025-07-09 03:00:00,D014,14.0,73,888,28
2025-07-09 04:00:00,D001,59.0,67,489,47
2025-07-09 05:00:00,D005,84.0,29,289,72
2025-07-09 06:00:00,D020,63.0,26,591,53
2025-07-09 07:00:00,D014,32.0,38,128,34
2025-07-09 08:00:00,D020,38.0,43,338,46
2025-07-09 09:00:00,D010,50.0,76,392,49
2025-07-09 10:00:00,D010,76.0,51,518,64
2025-07-09 11:00:00,D005,101.0,96,474,73
2025-07-09 12:00:00,D009,86.0,98,204,67
2025-07-09 13:00:00,D003,69.0,83,345,53
2025-07-09 14:00:00,D016,61.0,73,586,51
2025-07-09 15:00:00,D011,98.0,76,669,82
2025-07-09 16:00:00,D006,79.0,76,553,62
2025-07-09 17:00:00,D020,78.0,69,483,70
2025-07-09 18:00:00,D002,89.0,83,918,65
2025-07-09 19:00:00,D006,74.0,76,778,62
2025-07-09 20:00:00,D001,91.0,97,326,72
2025-07-09 21:00:00,D004,68.0,79,258,62
2025-07-09 22:00:00,D004,10.0,38,154,24
2025-07-09 23:00:00,D010,62.0,34,315,52
2025-07-10 00:00:00,D019,57.0,40,891,51
2025-07-10 01:00:00,D004,43.0,49,25,47
2025-07-10 02:00:00,D001,58.0,64,68,50
2025-07-10 03:00:00,D017,18.0,55,83,20
2025-07-10 04:00:00,D010,45.0,28,237,50
2025-07-10 05:00:00,D010,41.0,51,262,39
2025-07-10 06:00:00,D017,19.0,69,795,26
2025-07-10 07:00:00,D018,58.0,84,924,58
2025-07-10 08:00:00,D015,13.0,48,379,25
2025-07-10 09:00:00,D019,65.0,47,785,59
2025-07-10 10:00:00,D009,79.0,94,680,63
2025-07-10 11:00:00,D017,82.0,96,480,62
2025-07-10 12:00:00,D015,92.0,95,69,75
2025-07-10 13:00:00,D016,93.0,89,203,77
2025-07-10 14:00:00,D018,73.0,93,650,54
2025-07-10 15:00:00,D006,78.0,85,443,70
2025-07-10 16:00:00,D013,62.0,59,870,47
2025-07-10 17:00:00,D014,67.0,95,490,50
2025-07-10 18:00:00,D009,65.0,92,857,55
2025-07-10 19:00:00,D017,87.0,82,694,95
2025-07-10 20:00:00,D009,77.0,70,770,68
2025-07-10 21:00:00,D011,68.0,79,742,59
2025-07-10 22:00:00,D008,45.0,69,252,47
2025-07-10 23:00:00,D005,35.0,53,63,36
2025-07-11 00:00:00,D011,67.0,76,205,53
2025-07-11 01:00:00,D007,52.0,73,88,44
2025-07-11 02:00:00,D015,10.0,74,3,29
2025-07-11 03:00:00,D006,59.0,76,385,50
2025-07-11 04:00:00,D006,30.0,67,925,32
2025-07-11 05:00:00,D017,19.0,47,21,22
2025-07-11 06:00:00,D007,12.0,64,303,20
2025-07-11 07:00:00,D019,44.0,23,69,36
2025-07-11 08:00:00,D004,21.0,79,283,29
2025-07-11 09:00:00,D010,32.0,44,277,41
2025-07-11 10:00:00,D020,83.0,74,749,65
2025-07-11 11:00:00,D014,91.0,81,389,67
2025-07-11 12:00:00,D014,98.0,65,97,68
2025-07-11 13:00:00,D009,65.0,94,547,55
2025-07-11 14:00:00,D009,64.0,91,87,48
2025-07-11 15:00:00,D012,94.0,78,895,71
2025-07-11 16:00:00,D009,88.0,96,677,68
2025-07-11 17:00:00,D013,91.0,95,372,78
2025-07-11 18:00:00,D016,82.0,94,401,65
2025-07-11 19:00:00,D008,80.0,51,485,63
2025-07-11 20:00:00,D012,92.0,89,289,78
2025-07-11 21:00:00,D017,52.0,51,938,43
2025-07-11 22:00:00,D014,67.0,29,115,53
2025-07-11 23:00:00,D002,18.0,61,540,30
2025-07-12 00:00:00,D014,48.0,74,559,43
2025-07-12 01:00:00,D019,63.0,34,382,58
2025-07-12 02:00:00,D008,52.0,28,175,41
2025-07-12 03:00:00,D001,28.0,22,330,33
2025-07-12 04:00:00,D015,51.0,20,925,41
2025-07-12 05:00:00,D002,60.0,32,758,46
2025-07-12 06:00:00,D002,38.0,67,239,44
2025-07-12 07:00:00,D016,58.0,72,832,56
2025-07-12 08:00:00,D007,33.0,45,17,35
2025-07-12 09:00:00,Device_X,14.0,45,305,20
2025-07-12 10:00:00,D007,98.0,50,753,81
2025-07-12 11:00:00,D017,84.0,52,207,72
2025-07-12 12:00:00,D011,91.0,75,380,72
2025-07-12 13:00:00,D009,60.0,78,505,51
2025-07-12 14:00:00,D016,66.0,63,413,51
2025-07-12 15:00:00,D019,61.0,90,429,60
2025-07-12 16:00:00,D003,70.0,95,542,60
2025-07-12 17:00:00,D008,77.0,97,194,63
2025-07-12 18:00:00,D006,71.0,96,185,59
2025-07-12 19:00:00,D004,74.0,77,116,62
2025-07-12 20:00:00,D017,77.0,51,333,68
2025-07-12 21:00:00,D015,29.0,48,635,36
2025-07-12 22:00:00,D003,28.0,22,694,39
2025-07-12 23:00:00,D008,68.0,74,574,53
2025-07-13 00:00:00,D020,20.0,77,479,32
2025-07-13 01:00:00,Device_X,11.0,68,905,27
2025-07-13 02:00:00,D002,65.0,34,48,57
2025-07-13 03:00:00,D004,17.0,28,250,29
2025-07-13 04:00:00,D005,73.0,78,500,53
2025-07-13 05:00:00,D003,46.0,38,704,48
2025-07-13 06:00:00,D007,37.0,28,895,43
2025-07-13 07:00:00,D006,38.0,77,401,38
2025-07-13 08:00:00,D003,30.0,45,804,37
2025-07-13 09:00:00,D005,81.0,55,445,70
2025-07-13 10:00:00,D011,75.0,57,616,65
2025-07-13 11:00:00,D008,61.0,79,734,57
2025-07-13 12:00:00,D010,70.0,64,336,52
2025-07-13 13:00:00,D002,71.0,75,791,53
2025-07-13 14:00:00,D017,97.0,96,195,73
2025-07-13 15:00:00,D003,89.0,50,990,75
2025-07-13 16:00:00,D014,72.0,76,868,59
2025-07-13 17:00:00,D010,98.0,64,207,71
2025-07-13 18:00:00,D006,83.0,69,869,62
2025-07-13 19:00:00,D012,109.0,82,677,89
2025-07-13 20:00:00,D006,80.0,81,675,72
2025-07-13 21:00:00,D005,80.0,85,217,65
2025-07-13 22:00:00,D014,68.0,75,744,64
2025-07-13 23:00:00,D007,49.0,32,230,40
2025-07-14 00:00:00,D002,17.0,30,993,25
2025-07-14 01:00:00,D006,57.0,46,276,55
2025-07-14 02:00:00,D011,40.0,46,480,46
2025-07-14 03:00:00,D010,12.0,64,859,19
2025-07-14 04:00:00,D015,25.0,32,881,27
2025-07-14 05:00:00,D020,20.0,78,917,24
2025-07-14 06:00:00,D011,39.0,79,304,37
2025-07-14 07:00:00,D003,31.0,57,415,41
2025-07-14 08:00:00,D018,71.0,62,207,62
2025-07-14 09:00:00,D003,12.0,35,709,21
2025-07-14 10:00:00,D010,78.0,74,68,68
2025-07-14 11:00:00,D019,61.0,59,573,56
2025-07-14 12:00:00,D020,78.0,72,920,66
2025-07-14 13:00:00,D014,93.0,77,709,79
2025-07-14 14:00:00,D005,91.0,69,758,64
2025-07-14 15:00:00,D010,79.0,87,921,70
2025-07-14 16:00:00,D011,91.0,60,189,65
2025-07-14 17:00:00,D018,96.0,69,343,75
2025-07-14 18:00:00,D009,69.0,71,851,51
2025-07-14 19:00:00,D007,63.0,50,655,54
2025-07-14 20:00:00,D012,92.0,76,93,78
2025-07-14 21:00:00,D014,59.0,39,434,45
2025-07-14 22:00:00,D011,24.0,31,296,29
2025-07-14 23:00:00,D020,39.0,57,643,44
2025-07-15 00:00:00,D013,22.0,21,805,23
2025-07-15 01:00:00,D006,11.0,55,438,25
2025-07-15 02:00:00,D011,17.0,63,936,30
2025-07-15 03:00:00,D020,17.0,48,296,29
2025-07-15 04:00:00,D017,29.0,71,439,40
2025-07-15 05:00:00,D011,16.0,35,45,29
2025-07-15 06:00:00,D015,65.0,67,155,53
2025-07-15 07:00:00,D009,44.0,70,212,40
2025-07-15 08:00:00,D010,26.0,66,223,31
2025-07-15 09:00:00,D008,24.0,50,885,37
2025-07-15 10:00:00,D014,100.0,88,309,63
2025-07-15 11:00:00,D012,88.0,97,946,68
2025-07-15 12:00:00,D012,104.0,79,728,81
2025-07-15 13:00:00,D020,74.0,86,84,56
2025-07-15 14:00:00,D005,116.0,69,919,86
2025-07-15 15:00:00,D011,67.0,78,862,57
2025-07-15 16:00:00,D010,98.0,77,49,71
2025-07-15 17:00:00,D013,91.0,85,101,73
2025-07-15 18:00:00,D004,90.0,67,960,69
2025-07-15 19:00:00,D002,90.0,60,988,77
2025-07-15 20:00:00,D005,114.0,71,355,89
2025-07-15 21:00:00,D016,69.0,42,145,51
2025-07-15 22:00:00,D010,66.0,74,106,53
2025-07-15 23:00:00,D002,,41,909,28
2025-07-16 00:00:00,Device_X,27.0,70,972,33
2025-07-16 01:00:00,D017,24.0,61,271,38
2025-07-16 02:00:00,D007,22.0,36,32,31
2025-07-16 03:00:00,D008,29.0,45,731,31
2025-07-16 04:00:00,D018,40.0,45,211,45
2025-07-16 05:00:00,D007,66.0,54,48,50
2025-07-16 06:00:00,D016,64.0,58,708,58
2025-07-16 07:00:00,D008,22.0,64,849,23
2025-07-16 08:00:00,D005,100.0,52,270,43
2025-07-16 09:00:00,D004,69.0,58,72,59
2025-07-16 10:00:00,D013,91.0,87,191,69
2025-07-16 11:00:00,D003,87.0,52,237,67
2025-07-16 12:00:00,D002,75.0,71,608,67
2025-07-16 13:00:00,D006,67.0,57,830,58
2025-07-16 14:00:00,D006,73.0,81,611,62
2025-07-16 15:00:00,D003,71.0,98,827,66
2025-07-16 16:00:00,D005,98.0,104,596,74
2025-07-16 17:00:00,D004,72.0,94,639,62
2025-07-16 18:00:00,D018,89.0,72,932,63
2025-07-16 19:00:00,D001,74.0,62,273,61
2025-07-16 20:00:00,D008,86.0,94,279,74
2025-07-16 21:00:00,D008,17.0,78,474,34
2025-07-16 22:00:00,D013,48.0,56,497,49
2025-07-16 23:00:00,D016,64.0,21,758,49
2025-07-17 00:00:00,D017,39.0,58,13,34
2025-07-17 01:00:00,D014,39.0,37,781,95
2025-07-17 02:00:00,D016,64.0,36,936,50
2025-07-17 03:00:00,D020,24.0,28,180,33
2025-07-17 04:00:00,D012,56.0,80,926,43
2025-07-17 05:00:00,D020,18.0,73,367,20
2025-07-17 06:00:00,D012,55.0,43,800,57
2025-07-17 07:00:00,D012,60.0,77,904,53
2025-07-17 08:00:00,D012,27.0,76,702,28
2025-07-17 09:00:00,D011,48.0,62,863,38
2025-07-17 10:00:00,D001,91.0,78,725,68
2025-07-17 11:00:00,D008,82.0,55,342,60
2025-07-17 12:00:00,D006,96.0,94,192,69
2025-07-17 13:00:00,D008,94.0,60,856,66
2025-07-17 14:00:00,D019,61.0,89,851,52
2025-07-17 15:00:00,D017,65.0,68,184,54
2025-07-17 16:00:00,D002,97.0,86,371,71
2025-07-17 17:00:00,D004,81.0,75,177,68
2025-07-17 18:00:00,D004,72.0,81,977,61
2025-07-17 19:00:00,D004,78.0,84,750,63
2025-07-17 20:00:00,D001,77.0,97,808,56
2025-07-17 21:00:00,D012,28.0,51,934,37
2025-07-17 22:00:00,D009,56.0,35,184,54
2025-07-17 23:00:00,D014,54.0,44,511,43
2025-07-18 00:00:00,D003,67.0,43,510,55
2025-07-18 01:00:00,D010,18.0,45,916,27
2025-07-18 02:00:00,D010,28.0,22,152,30
2025-07-18 03:00:00,D003,67.0,46,464,50
2025-07-18 04:00:00,D015,44.0,31,105,40
2025-07-18 05:00:00,D012,46.0,77,351,38
2025-07-18 06:00:00,D020,21.0,42,132,28
2025-07-18 07:00:00,D016,64.0,67,129,53
2025-07-18 08:00:00,D002,39.0,22,378,37
2025-07-18 09:00:00,D020,58.0,71,726,48
2025-07-18 10:00:00,D001,97.0,64,250,81
2025-07-18 11:00:00,D020,74.0,95,25,58
2025-07-18 12:00:00,D005,81.0,106,91,59
2025-07-18 13:00:00,D003,81.0,89,663,60
2025-07-18 14:00:00,D008,69.0,74,180,51
2025-07-18 15:00:00,D008,70.0,54,890,64
2025-07-18 16:00:00,D005,111.0,91,571,77
2025-07-18 17:00:00,D001,99.0,79,779,80
2025-07-18 18:00:00,D012,90.0,100,959,76
2025-07-18 19:00:00,D009,98.0,80,698,72
2025-07-18 20:00:00,D015,93.0,80,564,73
2025-07-18 21:00:00,D012,25.0,86,613,39
2025-07-18 22:00:00,D001,10.0,76,191,25
2025-07-18 23:00:00,D010,30.0,34,209,33
2025-07-19 00:00:00,D006,44.0,64,208,43
2025-07-19 01:00:00,D015,26.0,36,602,37
2025-07-19 02:00:00,D017,47.0,36,496,51
2025-07-19 03:00:00,D013,15.0,54,366,32
2025-07-19 04:00:00,D015,17.0,34,822,32
2025-07-19 05:00:00,D013,58.0,50,245,51
2025-07-19 06:00:00,D003,69.0,25,709,56
2025-07-19 07:00:00,D017,32.0,44,930,38
2025-07-19 08:00:00,D015,14.0,45,532,23
2025-07-19 09:00:00,Device_X,68.0,69,146,53
2025-07-19 10:00:00,D017,73.0,63,13,59
2025-07-19 11:00:00,D012,86.0,73,419,63
2025-07-19 12:00:00,D020,,84,928,76
2025-07-19 13:00:00,D016,99.0,73,317,81
2025-07-19 14:00:00,D017,66.0,92,50,49
2025-07-19 15:00:00,D003,91.0,85,141,69
2025-07-19 16:00:00,D014,96.0,97,463,81
2025-07-19 17:00:00,D004,,65,732,82
2025-07-19 18:00:00,D004,85.0,77,864,73
2025-07-19 19:00:00,D002,100.0,52,758,71
2025-07-19 20:00:00,D015,90.0,58,487,76
2025-07-19 21:00:00,D002,17.0,26,504,31
2025-07-19 22:00:00,D019,48.0,61,125,46
2025-07-19 23:00:00,D016,44.0,49,458,41
2025-07-20 00:00:00,D018,73.0,35,572,54
2025-07-20 01:00:00,D011,54.0,42,453,55
2025-07-20 02:00:00,D006,65.0,77,494,60
2025-07-20 03:00:00,D004,38.0,42,6,41
2025-07-20 04:00:00,D018,43.0,72,741,44
2025-07-20 05:00:00,D020,15.0,67,376,29
2025-07-20 06:00:00,D003,51.0,30,811,40
2025-07-20 07:00:00,D004,13.0,36,809,19
2025-07-20 08:00:00,D005,58.0,51,291,49
2025-07-20 09:00:00,D001,29.0,41,880,33
2025-07-20 10:00:00,D011,72.0,91,515,61
2025-07-20 11:00:00,D012,92.0,69,113,75
2025-07-20 12:00:00,D009,68.0,72,714,52
2025-07-20 13:00:00,D015,64.0,96,884,54
2025-07-20 14:00:00,D002,84.0,59,718,69
2025-07-20 15:00:00,D014,89.0,90,25,76
2025-07-20 16:00:00,D003,93.0,59,99,75
2025-07-20 17:00:00,D011,80.0,70,214,70
2025-07-20 18:00:00,D007,76.0,51,844,63
2025-07-20 19:00:00,D010,77.0,60,784,56
2025-07-20 20:00:00,D019,77.0,84,187,65
2025-07-20 21:00:00,D016,15.0,76,364,29
2025-07-20 22:00:00,D015,56.0,67,298,54
2025-07-20 23:00:00,D013,13.0,58,758,18
2025-07-21 00:00:00,D015,17.0,26,703,34
2025-07-21 01:00:00,D014,49.0,79,12,51
2025-07-21 02:00:00,D011,26.0,36,376,28
2025-07-21 03:00:00,D008,14.0,45,720,21
2025-07-21 04:00:00,D015,21.0,56,926,28
2025-07-21 05:00:00,D016,23.0,29,71,35
2025-07-21 06:00:00,D020,69.0,56,797,53
2025-07-21 07:00:00,D015,45.0,66,942,40
2025-07-21 08:00:00,D019,22.0,61,21,27
2025-07-21 09:00:00,D020,38.0,39,281,37
2025-07-21 10:00:00,D004,61.0,71,224,47
2025-07-21 11:00:00,D005,107.0,90,34,86
2025-07-21 12:00:00,D011,88.0,85,534,65
2025-07-21 13:00:00,D020,95.0,58,743,69
2025-07-21 14:00:00,D019,97.0,55,116,82
2025-07-21 15:00:00,D015,79.0,58,288,60
2025-07-21 16:00:00,D018,90.0,65,638,74
2025-07-21 17:00:00,D005,92.0,67,649,74
2025-07-21 18:00:00,D007,63.0,68,490,60
2025-07-21 19:00:00,D003,80.0,80,339,72
2025-07-21 20:00:00,D002,69.0,51,194,62
2025-07-21 21:00:00,D017,41.0,35,16,47
2025-07-21 22:00:00,D007,62.0,50,107,54
2025-07-21 23:00:00,D001,20.0,74,341,25
2025-07-22 00:00:00,D007,35.0,66,306,42
2025-07-22 01:00:00,D017,42.0,30,348,35
2025-07-22 02:00:00,D015,,72,618,38
2025-07-22 03:00:00,D002,51.0,43,772,51
2025-07-22 04:00:00,D019,35.0,30,296,32
2025-07-22 05:00:00,D011,20.0,64,195,33
2025-07-22 06:00:00,D003,51.0,46,881,45
2025-07-22 07:00:00,D002,58.0,35,898,95
2025-07-22 08:00:00,D020,47.0,47,793,50
2025-07-22 09:00:00,D010,69.0,61,808,51
2025-07-22 10:00:00,D013,96.0,65,237,72
2025-07-22 11:00:00,D020,86.0,90,336,62
2025-07-22 12:00:00,D002,100.0,89,73,63
2025-07-22 13:00:00,D009,69.0,81,505,52
2025-07-22 14:00:00,D016,79.0,88,60,58
2025-07-22 15:00:00,D001,95.0,73,923,68
2025-07-22 16:00:00,D014,61.0,78,527,57
2025-07-22 17:00:00,D005,103.0,81,917,80
2025-07-22 18:00:00,D014,73.0,86,658,60
2025-07-22 19:00:00,D014,93.0,61,150,72
2025-07-22 20:00:00,D006,95.0,94,420,72
2025-07-22 21:00:00,D014,25.0,55,440,33
2025-07-22 22:00:00,D001,54.0,55,148,43
2025-07-22 23:00:00,D006,12.0,42,480,29
2025-07-23 00:00:00,D016,68.0,24,452,54
2025-07-23 01:00:00,D008,60.0,33,743,60
2025-07-23 02:00:00,D014,15.0,31,912,19
2025-07-23 03:00:00,D013,32.0,33,317,35
2025-07-23 04:00:00,D014,41.0,34,556,34
2025-07-23 05:00:00,D009,,66,556,48
2025-07-23 06:00:00,D005,67.0,57,616,60
2025-07-23 07:00:00,D014,24.0,62,865,28
2025-07-23 08:00:00,D003,26.0,47,83,38
2025-07-23 09:00:00,D008,22.0,78,724,25
2025-07-23 10:00:00,D005,83.0,91,607,64
2025-07-23 11:00:00,D002,64.0,76,601,55
2025-07-23 12:00:00,D001,79.0,93,855,67
2025-07-23 13:00:00,D007,83.0,60,925,64
2025-07-23 14:00:00,D016,94.0,69,558,68
2025-07-23 15:00:00,D001,60.0,66,706,58
2025-07-23 16:00:00,D020,65.0,57,29,51
2025-07-23 17:00:00,D001,62.0,84,709,57
2025-07-23 18:00:00,D012,84.0,82,679,63
2025-07-23 19:00:00,D019,78.0,87,987,68
2025-07-23 20:00:00,D011,72.0,62,188,61
2025-07-23 21:00:00,D020,56.0,72,877,48
2025-07-23 22:00:00,D011,28.0,27,200,35
2025-07-23 23:00:00,D016,60.0,45,919,56
2025-07-24 00:00:00,D013,37.0,28,20,39
2025-07-24 01:00:00,D019,57.0,58,435,55
2025-07-24 02:00:00,D015,40.0,74,974,44
2025-07-24 03:00:00,D010,36.0,30,806,32
2025-07-24 04:00:00,D011,,25,942,29
2025-07-24 05:00:00,D006,58.0,61,220,44
2025-07-24 06:00:00,D003,49.0,27,443,42
2025-07-24 07:00:00,D015,65.0,26,267,55
2025-07-24 08:00:00,D004,34.0,31,666,35
2025-07-24 09:00:00,D014,21.0,62,563,26
2025-07-24 10:00:00,D005,101.0,78,381,75
2025-07-24 11:00:00,D020,63.0,60,480,47
2025-07-24 12:00:00,D007,70.0,77,438,60
2025-07-24 13:00:00,D013,82.0,99,540,69
2025-07-24 14:00:00,D015,85.0,74,54,73
2025-07-24 15:00:00,D019,92.0,85,782,78
2025-07-24 16:00:00,D003,89.0,77,273,65
2025-07-24 17:00:00,D016,89.0,78,685,77
2025-07-24 18:00:00,D014,84.0,87,618,70
2025-07-24 19:00:00,D015,97.0,72,217,77
2025-07-24 20:00:00,D007,81.0,66,722,58
2025-07-24 21:00:00,D009,19.0,29,441,95
2025-07-24 22:00:00,D016,59.0,57,987,48
2025-07-24 23:00:00,D001,10.0,63,949,27
2025-07-25 00:00:00,D002,13.0,36,644,27
2025-07-25 01:00:00,D004,10.0,26,478,17
2025-07-25 02:00:00,D009,44.0,27,765,43
2025-07-25 03:00:00,D019,45.0,69,756,47
2025-07-25 04:00:00,D011,36.0,51,846,39
2025-07-25 05:00:00,D018,49.0,87,421,39
2025-07-25 06:00:00,D007,57.0,65,986,50
2025-07-25 07:00:00,D009,13.0,49,670,22
2025-07-25 08:00:00,D011,11.0,63,268,29
2025-07-25 09:00:00,D004,27.0,45,693,40
2025-07-25 10:00:00,D007,60.0,75,599,55
2025-07-25 11:00:00,D013,65.0,55,44,56
2025-07-25 12:00:00,D019,96.0,67,607,80
2025-07-25 13:00:00,D005,99.0,105,229,95
2025-07-25 14:00:00,D007,,70,844,56
2025-07-25 15:00:00,D001,74.0,51,692,60
2025-07-25 16:00:00,D012,93.0,58,748,70
2025-07-25 17:00:00,D005,111.0,101,891,77
2025-07-25 18:00:00,D004,93.0,78,984,70
2025-07-25 19:00:00,D002,,91,25,95
2025-07-25 20:00:00,D016,90.0,63,679,75
2025-07-25 21:00:00,D019,64.0,68,265,57
2025-07-25 22:00:00,D013,31.0,51,453,34
2025-07-25 23:00:00,D005,70.0,83,890,66
2025-07-26 00:00:00,D007,38.0,78,879,34
2025-07-26 01:00:00,D019,19.0,47,29,35
2025-07-26 02:00:00,D003,15.0,31,623,24
2025-07-26 03:00:00,D013,38.0,38,67,39
2025-07-26 04:00:00,D008,64.0,77,340,62
2025-07-26 05:00:00,D004,60.0,40,451,58
2025-07-26 06:00:00,D008,32.0,35,333,31
2025-07-26 07:00:00,D016,18.0,79,334,32
2025-07-26 08:00:00,D007,24.0,26,614,25
2025-07-26 09:00:00,D009,31.0,43,113,32
2025-07-26 10:00:00,D012,77.0,71,369,64
2025-07-26 11:00:00,D018,81.0,88,494,71
2025-07-26 12:00:00,D009,95.0,72,171,72
2025-07-26 13:00:00,D015,64.0,92,25,49
2025-07-26 14:00:00,D013,73.0,77,658,63
2025-07-26 15:00:00,D019,86.0,81,111,69
2025-07-26 16:00:00,D008,91.0,69,732,64
2025-07-26 17:00:00,D004,93.0,97,323,74
2025-07-26 18:00:00,D008,65.0,65,792,55
2025-07-26 19:00:00,D013,72.0,54,537,56
2025-07-26 20:00:00,D018,96.0,62,813,68
2025-07-26 21:00:00,D015,21.0,66,973,23
2025-07-26 22:00:00,D015,66.0,74,715,51
2025-07-26 23:00:00,D003,48.0,72,538,51
2025-07-27 00:00:00,D014,63.0,64,428,54
2025-07-27 01:00:00,D009,10.0,70,939,22
2025-07-27 02:00:00,D019,,31,439,37
2025-07-27 03:00:00,D001,100.0,47,891,29
2025-07-27 04:00:00,D017,46.0,45,611,38
2025-07-27 05:00:00,D003,49.0,35,294,51
2025-07-27 06:00:00,D016,37.0,67,419,43
2025-07-27 07:00:00,D013,55.0,27,236,49
2025-07-27 08:00:00,D008,30.0,44,489,28
2025-07-27 09:00:00,D006,32.0,70,64,35
2025-07-27 10:00:00,D011,82.0,81,158,71
2025-07-27 11:00:00,D011,77.0,72,463,56
2025-07-27 12:00:00,D007,82.0,76,813,70
2025-07-27 13:00:00,D018,100.0,103,682,76
2025-07-27 14:00:00,D018,94.0,89,245,78
2025-07-27 15:00:00,D008,72.0,98,343,95
2025-07-27 16:00:00,D005,105.0,72,537,82
2025-07-27 17:00:00,D018,83.0,70,902,71
2025-07-27 18:00:00,D011,73.0,51,168,55
2025-07-27 19:00:00,D003,92.0,73,531,66
2025-07-27 20:00:00,D017,83.0,94,35,72
2025-07-27 21:00:00,D001,45.0,44,429,37
2025-07-27 22:00:00,D011,43.0,44,912,36
2025-07-27 23:00:00,D019,32.0,38,25,34
2025-07-28 00:00:00,D019,18.0,20,42,22
2025-07-28 01:00:00,D001,43.0,35,748,42
2025-07-28 02:00:00,D018,58.0,53,634,49
2025-07-28 03:00:00,D009,57.0,62,551,58
2025-07-28 04:00:00,D010,19.0,49,756,22
2025-07-28 05:00:00,D020,18.0,50,15,23
2025-07-28 06:00:00,D008,18.0,64,137,29
2025-07-28 07:00:00,D004,26.0,35,143,27
2025-07-28 08:00:00,D020,14.0,74,261,21
2025-07-28 09:00:00,D015,27.0,66,770,38
2025-07-28 10:00:00,D013,63.0,91,621,56
2025-07-28 11:00:00,D009,67.0,52,496,64
2025-07-28 12:00:00,D014,68.0,79,117,60
2025-07-28 13:00:00,D003,96.0,91,909,70
2025-07-28 14:00:00,D013,71.0,86,74,63
2025-07-28 15:00:00,D009,66.0,51,758,56
2025-07-28 16:00:00,D007,99.0,88,853,75
2025-07-28 17:00:00,D014,85.0,54,735,69
2025-07-28 18:00:00,D018,95.0,98,493,68
2025-07-28 19:00:00,D013,98.0,77,106,74
2025-07-28 20:00:00,D006,62.0,84,594,57
2025-07-28 21:00:00,D020,14.0,38,726,28
2025-07-28 22:00:00,D019,56.0,35,384,50
2025-07-28 23:00:00,D009,13.0,34,217,28
2025-07-29 00:00:00,D003,64.0,33,945,50
2025-07-29 01:00:00,D006,45.0,26,542,39
2025-07-29 02:00:00,D017,34.0,35,111,35
2025-07-29 03:00:00,Device_X,60.0,27,722,57
2025-07-29 04:00:00,D016,61.0,38,554,46
2025-07-29 05:00:00,D013,22.0,26,155,32
2025-07-29 06:00:00,D002,45.0,44,518,44
2025-07-29 07:00:00,D018,50.0,36,849,53
2025-07-29 08:00:00,D011,35.0,70,894,32
2025-07-29 09:00:00,D003,20.0,57,189,35
2025-07-29 10:00:00,D019,85.0,97,21,66
2025-07-29 11:00:00,D007,89.0,57,179,66
2025-07-29 12:00:00,D016,91.0,71,59,70
2025-07-29 13:00:00,D009,60.0,78,191,95
2025-07-29 14:00:00,D004,94.0,52,758,78
2025-07-29 15:00:00,D008,66.0,76,1,59
2025-07-29 16:00:00,D016,97.0,56,172,74
2025-07-29 17:00:00,D009,70.0,91,885,52
2025-07-29 18:00:00,D018,113.0,91,739,81
2025-07-29 19:00:00,D016,91.0,52,372,78
2025-07-29 20:00:00,D003,73.0,97,253,65
2025-07-29 21:00:00,D017,69.0,43,628,57
2025-07-29 22:00:00,D018,70.0,83,27,66
2025-07-29 23:00:00,D018,62.0,81,702,61
2025-07-30 00:00:00,D013,50.0,53,984,47
2025-07-30 01:00:00,D020,58.0,32,1,45
2025-07-30 02:00:00,D015,100.0,33,889,53
2025-07-30 03:00:00,D002,27.0,73,967,38
2025-07-30 04:00:00,D006,23.0,27,347,28
2025-07-30 05:00:00,D002,26.0,56,974,33
2025-07-30 06:00:00,D020,30.0,72,22,30
2025-07-30 07:00:00,D005,44.0,74,939,36
2025-07-30 08:00:00,D016,67.0,74,130,53
2025-07-30 09:00:00,D007,43.0,49,390,35
2025-07-30 10:00:00,D007,84.0,54,69,63
2025-07-30 11:00:00,D016,100.0,89,713,71
2025-07-30 12:00:00,D010,61.0,58,875,49
2025-07-30 13:00:00,D002,88.0,87,251,75
2025-07-30 14:00:00,D001,77.0,56,961,70
2025-07-30 15:00:00,D001,60.0,73,132,49
2025-07-30 16:00:00,D018,96.0,106,105,73
2025-07-30 17:00:00,D004,65.0,65,802,55
2025-07-30 18:00:00,D018,100.0,104,694,82
2025-07-30 19:00:00,D017,96.0,92,295,79
2025-07-30 20:00:00,D010,76.0,64,658,61
2025-07-30 21:00:00,D019,39.0,77,866,42
2025-07-30 22:00:00,D004,12.0,26,248,18
2025-07-30 23:00:00,D010,16.0,59,582,24
2025-07-31 00:00:00,D001,13.0,65,817,20
2025-07-31 01:00:00,D018,66.0,62,846,57
2025-07-31 02:00:00,D015,21.0,61,435,29
2025-07-31 03:00:00,D019,15.0,39,984,29
2025-07-31 04:00:00,D006,17.0,20,694,20
2025-07-31 05:00:00,Device_X,33.0,66,967,31
2025-07-31 06:00:00,D003,39.0,48,534,43
2025-07-31 07:00:00,D020,38.0,70,425,41
2025-07-31 08:00:00,D002,,50,158,17
2025-07-31 09:00:00,D017,47.0,33,471,46
2025-07-31 10:00:00,D015,81.0,52,568,64
2025-07-31 11:00:00,D019,93.0,84,114,77
2025-07-31 12:00:00,D001,80.0,78,710,62
2025-07-31 13:00:00,D001,60.0,76,789,50
2025-07-31 14:00:00,D016,99.0,75,848,80
2025-07-31 15:00:00,D001,95.0,59,704,77
2025-07-31 16:00:00,D017,82.0,56,940,63
2025-07-31 17:00:00,D007,74.0,83,814,66
2025-07-31 18:00:00,D004,73.0,63,16,59
2025-07-31 19:00:00,D019,61.0,59,434,58
2025-07-31 20:00:00,D017,96.0,61,838,72
2025-07-31 21:00:00,D009,29.0,20,438,41
2025-07-31 22:00:00,D006,28.0,37,902,38
2025-07-31 23:00:00,D001,32.0,42,410,41
2025-08-01 00:00:00,D007,24.0,63,27,33
2025-08-01 01:00:00,D001,24.0,55,621,30
2025-08-01 02:00:00,D005,30.0,79,848,34
2025-08-01 03:00:00,D006,64.0,35,334,60
2025-08-01 04:00:00,D003,24.0,22,855,36
2025-08-01 05:00:00,D002,42.0,60,681,41
2025-08-01 06:00:00,D007,12.0,77,32,31
2025-08-01 07:00:00,D018,70.0,31,573,65
2025-08-01 08:00:00,D020,41.0,25,103,43
2025-08-01 09:00:00,D007,35.0,53,670,34
2025-08-01 10:00:00,D017,92.0,59,627,79
2025-08-01 11:00:00,D015,71.0,65,553,66
2025-08-01 12:00:00,D017,61.0,85,114,95
2025-08-01 13:00:00,D013,74.0,74,215,65
2025-08-01 14:00:00,D001,70.0,59,537,56
2025-08-01 15:00:00,D016,97.0,90,429,75
2025-08-01 16:00:00,D008,92.0,66,728,69
2025-08-01 17:00:00,D002,91.0,73,649,67
2025-08-01 18:00:00,D017,76.0,99,368,68
2025-08-01 19:00:00,D008,70.0,70,661,53
2025-08-01 20:00:00,D010,76.0,67,554,95
2025-08-01 21:00:00,D005,64.0,50,14,48
2025-08-01 22:00:00,D004,27.0,78,404,33
2025-08-01 23:00:00,D015,52.0,63,265,53
2025-08-02 00:00:00,D015,36.0,34,988,35
2025-08-02 01:00:00,D019,35.0,71,538,39
2025-08-02 02:00:00,D014,37.0,68,338,36
2025-08-02 03:00:00,D003,11.0,52,810,18
2025-08-02 04:00:00,D017,53.0,52,588,41
2025-08-02 05:00:00,D003,52.0,68,567,50
2025-08-02 06:00:00,D003,17.0,71,868,24
2025-08-02 07:00:00,D007,55.0,65,868,50
2025-08-02 08:00:00,D001,58.0,44,266,49
2025-08-02 09:00:00,D016,25.0,77,200,37
2025-08-02 10:00:00,D007,87.0,55,912,65
2025-08-02 11:00:00,D016,66.0,90,334,59
2025-08-02 12:00:00,D014,66.0,82,538,57
2025-08-02 13:00:00,D013,79.0,52,436,60
2025-08-02 14:00:00,D011,61.0,63,620,59
2025-08-02 15:00:00,D017,71.0,75,556,52
2025-08-02 16:00:00,D013,73.0,73,894,54
2025-08-02 17:00:00,D012,98.0,82,578,77
2025-08-02 18:00:00,D009,82.0,64,205,65
2025-08-02 19:00:00,D017,61.0,69,276,56
2025-08-02 20:00:00,D014,62.0,61,808,48
2025-08-02 21:00:00,D004,23.0,35,339,24
2025-08-02 22:00:00,D012,68.0,35,18,61
2025-08-02 23:00:00,D020,68.0,73,734,54
2025-08-03 00:00:00,D019,49.0,26,480,41
2025-08-03 01:00:00,D006,29.0,46,565,37
2025-08-03 02:00:00,D005,71.0,33,378,56
2025-08-03 03:00:00,D005,30.0,44,529,37
2025-08-03 04:00:00,D008,30.0,76,267,33
2025-08-03 05:00:00,D008,51.0,43,893,42
2025-08-03 06:00:00,D014,64.0,33,778,59
2025-08-03 07:00:00,D006,53.0,74,238,42
2025-08-03 08:00:00,D009,19.0,77,913,21
2025-08-03 09:00:00,D003,40.0,70,769,45
2025-08-03 10:00:00,D007,63.0,91,397,48
2025-08-03 11:00:00,D010,80.0,71,121,61
2025-08-03 12:00:00,D018,75.0,73,330,56
2025-08-03 13:00:00,D006,67.0,60,447,58
2025-08-03 14:00:00,D012,85.0,65,651,72
2025-08-03 15:00:00,D004,69.0,70,212,58
2025-08-03 16:00:00,D004,88.0,91,460,74
2025-08-03 17:00:00,D014,80.0,71,661,69
2025-08-03 18:00:00,D018,102.0,100,855,77
2025-08-03 19:00:00,D009,60.0,75,422,51
2025-08-03 20:00:00,D012,100.0,104,446,79
2025-08-03 21:00:00,D006,26.0,70,242,30
2025-08-03 22:00:00,D019,19.0,75,712,25
2025-08-03 23:00:00,D006,30.0,76,382,34
2025-08-04 00:00:00,D001,68.0,37,952,61
2025-08-04 01:00:00,D020,41.0,31,816,43
2025-08-04 02:00:00,D010,55.0,76,180,52
2025-08-04 03:00:00,D010,35.0,44,843,37
2025-08-04 04:00:00,D002,66.0,71,232,62
2025-08-04 05:00:00,D007,49.0,52,213,40
2025-08-04 06:00:00,D018,70.0,58,596,54
2025-08-04 07:00:00,D019,59.0,73,402,58
2025-08-04 08:00:00,D008,39.0,63,309,42
2025-08-04 09:00:00,D020,58.0,30,194,53
2025-08-04 10:00:00,D004,92.0,96,525,72
2025-08-04 11:00:00,D004,78.0,67,741,69
2025-08-04 12:00:00,D019,82.0,65,833,70
2025-08-04 13:00:00,D002,67.0,67,57,54
2025-08-04 14:00:00,D013,78.0,78,259,65
2025-08-04 15:00:00,D008,71.0,51,971,63
2025-08-04 16:00:00,D018,87.0,92,639,66
2025-08-04 17:00:00,D007,85.0,75,88,72
2025-08-04 18:00:00,D016,82.0,89,254,70
2025-08-04 19:00:00,D009,91.0,64,997,76
2025-08-04 20:00:00,D005,83.0,72,693,72
2025-08-04 21:00:00,D018,41.0,72,40,45
2025-08-04 22:00:00,D003,24.0,67,740,28
2025-08-04 23:00:00,D006,10.0,23,11,27
2025-08-05 00:00:00,D005,46.0,53,219,43
2025-08-05 01:00:00,D008,22.0,42,635,95
2025-08-05 02:00:00,D004,49.0,35,671,43
2025-08-05 03:00:00,D010,34.0,63,908,39
2025-08-05 04:00:00,D005,75.0,61,950,58
2025-08-05 05:00:00,D003,14.0,53,878,19
2025-08-05 06:00:00,D013,48.0,61,365,47
2025-08-05 07:00:00,D014,20.0,61,422,25
2025-08-05 08:00:00,D001,16.0,75,105,26
2025-08-05 09:00:00,D005,78.0,39,399,60
2025-08-05 10:00:00,D019,69.0,61,4,65
2025-08-05 11:00:00,D018,88.0,102,215,73
2025-08-05 12:00:00,D002,95.0,86,963,75
2025-08-05 13:00:00,D018,112.0,91,861,85
2025-08-05 14:00:00,D013,74.0,77,682,65
2025-08-05 15:00:00,D020,64.0,83,746,48
2025-08-05 16:00:00,D007,91.0,75,785,74
2025-08-05 17:00:00,D003,98.0,75,561,81
2025-08-05 18:00:00,D006,82.0,71,132,59
2025-08-05 19:00:00,D009,63.0,56,215,48
2025-08-05 20:00:00,D017,83.0,89,247,72
2025-08-05 21:00:00,D015,40.0,66,168,36
2025-08-05 22:00:00,D011,43.0,74,728,35
2025-08-05 23:00:00,D016,66.0,66,461,63
2025-08-06 00:00:00,D004,25.0,49,926,28
2025-08-06 01:00:00,Device_X,31.0,68,854,29
2025-08-06 02:00:00,D018,74.0,90,469,61
2025-08-06 03:00:00,D004,,63,415,43
2025-08-06 04:00:00,D020,24.0,42,668,28
2025-08-06 05:00:00,D015,26.0,69,37,37
2025-08-06 06:00:00,D019,39.0,64,402,46
2025-08-06 07:00:00,D004,45.0,39,820,39
2025-08-06 08:00:00,D013,53.0,26,761,52
2025-08-06 09:00:00,D004,68.0,53,706,54
2025-08-06 10:00:00,D010,91.0,91,297,76
2025-08-06 11:00:00,D007,64.0,59,522,53
2025-08-06 12:00:00,D019,100.0,57,193,69
2025-08-06 13:00:00,D017,98.0,63,85,81
2025-08-06 14:00:00,D017,68.0,66,69,59
2025-08-06 15:00:00,D020,99.0,87,171,83
2025-08-06 16:00:00,D019,95.0,99,673,79
2025-08-06 17:00:00,D014,92.0,78,555,65
2025-08-06 18:00:00,D004,69.0,80,262,59
2025-08-06 19:00:00,D001,66.0,76,533,60
2025-08-06 20:00:00,D016,82.0,69,486,64
2025-08-06 21:00:00,D005,76.0,50,57,67
2025-08-06 22:00:00,D019,42.0,20,237,37
2025-08-06 23:00:00,D010,30.0,54,745,35
2025-08-07 00:00:00,D003,34.0,64,998,42
2025-08-07 01:00:00,D020,61.0,63,109,47
2025-08-07 02:00:00,D016,32.0,25,371,33
2025-08-07 03:00:00,D013,58.0,42,201,44
2025-08-07 04:00:00,D002,28.0,38,504,32
2025-08-07 05:00:00,D010,51.0,78,788,48
2025-08-07 06:00:00,D017,36.0,66,258,45
2025-08-07 07:00:00,D004,28.0,36,837,32
2025-08-07 08:00:00,D018,78.0,78,551,59
2025-08-07 09:00:00,D008,54.0,23,998,50
2025-08-07 10:00:00,D005,102.0,73,285,79
2025-08-07 11:00:00,D004,83.0,63,837,60
2025-08-07 12:00:00,D010,78.0,61,210,56
2025-08-07 13:00:00,D011,94.0,72,209,66
2025-08-07 14:00:00,D015,91.0,58,271,75
2025-08-07 15:00:00,D003,81.0,76,211,70
2025-08-07 16:00:00,D012,93.0,55,109,65
2025-08-07 17:00:00,D010,91.0,88,892,69
2025-08-07 18:00:00,D018,102.0,87,945,83
2025-08-07 19:00:00,D018,78.0,91,932,57
2025-08-07 20:00:00,D006,68.0,58,494,57
2025-08-07 21:00:00,D019,44.0,37,389,49
2025-08-07 22:00:00,D004,48.0,39,960,46
2025-08-07 23:00:00,D012,26.0,73,816,28
2025-08-08 00:00:00,D006,64.0,23,463,55
2025-08-08 01:00:00,D001,16.0,76,351,30
2025-08-08 02:00:00,D010,14.0,63,178,27
2025-08-08 03:00:00,D006,69.0,31,871,52
2025-08-08 04:00:00,D002,19.0,34,990,32
2025-08-08 05:00:00,D017,13.0,26,318,25
2025-08-08 06:00:00,D019,69.0,78,503,57
2025-08-08 07:00:00,D002,15.0,69,486,31
2025-08-08 08:00:00,Device_X,43.0,63,783,48
2025-08-08 09:00:00,D006,59.0,56,416,47
2025-08-08 10:00:00,D003,81.0,71,74,60
2025-08-08 11:00:00,D003,71.0,78,688,52
2025-08-08 12:00:00,Device_X,72.0,51,4,62
2025-08-08 13:00:00,D007,83.0,66,52,64
2025-08-08 14:00:00,D019,64.0,81,970,56
2025-08-08 15:00:00,D013,78.0,70,536,61
2025-08-08 16:00:00,D004,83.0,84,259,62
2025-08-08 17:00:00,D005,114.0,104,479,85
2025-08-08 18:00:00,D012,97.0,99,785,71
2025-08-08 19:00:00,D008,94.0,66,770,74
2025-08-08 20:00:00,D013,61.0,77,171,56
2025-08-08 21:00:00,D015,52.0,74,835,43
2025-08-08 22:00:00,D012,46.0,35,551,49
2025-08-08 23:00:00,D009,66.0,72,493,60
2025-08-09 00:00:00,D013,65.0,29,353,57
2025-08-09 01:00:00,D008,63.0,35,640,59
2025-08-09 02:00:00,D003,12.0,75,517,26
2025-08-09 03:00:00,D011,16.0,72,184,28
2025-08-09 04:00:00,D010,61.0,53,579,53
2025-08-09 05:00:00,D011,54.0,26,66,47
2025-08-09 06:00:00,D009,41.0,39,441,35
2025-08-09 07:00:00,D018,41.0,55,657,46
2025-08-09 08:00:00,D011,15.0,42,91,95
2025-08-09 09:00:00,D006,47.0,21,214,41
2025-08-09 10:00:00,D015,88.0,57,677,62
2025-08-09 11:00:00,D020,92.0,71,626,79
2025-08-09 12:00:00,D005,113.0,77,373,81
2025-08-09 13:00:00,D019,90.0,59,591,73
2025-08-09 14:00:00,D016,77.0,72,225,61
2025-08-09 15:00:00,D006,94.0,83,668,67
2025-08-09 16:00:00,D013,75.0,54,375,66
2025-08-09 17:00:00,D007,79.0,73,189,67
2025-08-09 18:00:00,D013,,75,128,67
2025-08-09 19:00:00,D010,97.0,54,471,79
2025-08-09 20:00:00,D002,74.0,81,154,68
2025-08-09 21:00:00,D019,18.0,48,182,32
2025-08-09 22:00:00,D019,48.0,23,894,40
2025-08-09 23:00:00,D020,20.0,52,870,31
2025-08-10 00:00:00,D011,36.0,52,21,37
2025-08-10 01:00:00,D006,55.0,21,603,46
2025-08-10 02:00:00,D011,56.0,37,123,43
2025-08-10 03:00:00,D003,44.0,50,412,42
2025-08-10 04:00:00,D001,34.0,62,486,33
2025-08-10 05:00:00,D003,60.0,21,210,59
2025-08-10 06:00:00,D012,37.0,30,930,43
2025-08-10 07:00:00,D006,,29,114,45
2025-08-10 08:00:00,D004,63.0,40,49,61
2025-08-10 09:00:00,D006,100.0,68,387,53
2025-08-10 10:00:00,D005,104.0,80,255,83
2025-08-10 11:00:00,D008,64.0,64,123,48
2025-08-10 12:00:00,D016,96.0,52,948,81
2025-08-10 13:00:00,D013,75.0,92,149,56
2025-08-10 14:00:00,D006,85.0,87,174,69
2025-08-10 15:00:00,D011,67.0,57,609,54
2025-08-10 16:00:00,D007,97.0,70,200,70
2025-08-10 17:00:00,D020,67.0,95,31,51
2025-08-10 18:00:00,D016,68.0,64,606,59
2025-08-10 19:00:00,D010,88.0,65,804,65
2025-08-10 20:00:00,D013,96.0,71,839,73
2025-08-10 21:00:00,D009,49.0,48,848,44
2025-08-10 22:00:00,D016,47.0,50,14,42
2025-08-10 23:00:00,D001,66.0,28,249,63
2025-08-11 00:00:00,D013,35.0,48,947,31
2025-08-11 01:00:00,D011,37.0,47,840,38
2025-08-11 02:00:00,D005,70.0,34,873,62
2025-08-11 03:00:00,D014,11.0,44,73,20
2025-08-11 04:00:00,D001,32.0,29,426,32
2025-08-11 05:00:00,D003,15.0,77,326,23
2025-08-11 06:00:00,D002,67.0,77,82,56
2025-08-11 07:00:00,D002,21.0,41,805,25
2025-08-11 08:00:00,D007,33.0,67,212,29
2025-08-11 09:00:00,D001,26.0,78,897,29
2025-08-11 10:00:00,D020,89.0,90,495,65
2025-08-11 11:00:00,D014,70.0,73,982,63
2025-08-11 12:00:00,D013,85.0,62,449,68
2025-08-11 13:00:00,D010,94.0,73,540,69
2025-08-11 14:00:00,D016,99.0,65,571,69
2025-08-11 15:00:00,D019,74.0,65,271,62
2025-08-11 16:00:00,D002,70.0,50,847,61
2025-08-11 17:00:00,D019,63.0,92,837,49
2025-08-11 18:00:00,D013,69.0,60,978,52
2025-08-11 19:00:00,D007,82.0,56,315,65
2025-08-11 20:00:00,D003,71.0,56,49,61
2025-08-11 21:00:00,D001,46.0,67,591,38
2025-08-11 22:00:00,D009,16.0,51,644,22
2025-08-11 23:00:00,D018,72.0,67,547,66
2025-08-12 00:00:00,D004,66.0,74,729,58
2025-08-12 01:00:00,D019,10.0,24,640,18
2025-08-12 02:00:00,D011,54.0,71,357,46
2025-08-12 03:00:00,D004,45.0,23,292,40
2025-08-12 04:00:00,D018,77.0,41,534,57
2025-08-12 05:00:00,D004,53.0,58,559,47
2025-08-12 06:00:00,D017,25.0,79,671,27
2025-08-12 07:00:00,D009,40.0,33,561,38
2025-08-12 08:00:00,D002,61.0,67,238,59
2025-08-12 09:00:00,D001,44.0,77,871,45
2025-08-12 10:00:00,D015,79.0,51,755,95
2025-08-12 11:00:00,D019,96.0,67,656,70
2025-08-12 12:00:00,D012,104.0,63,389,95
2025-08-12 13:00:00,D010,91.0,59,171,64
2025-08-12 14:00:00,D005,78.0,106,100,57
2025-08-12 15:00:00,D009,88.0,99,462,70
2025-08-12 16:00:00,D015,65.0,91,157,63
2025-08-12 17:00:00,D004,77.0,99,441,56
2025-08-12 18:00:00,D012,110.0,72,626,89
2025-08-12 19:00:00,D010,97.0,94,874,69
2025-08-12 20:00:00,D020,84.0,87,461,63
2025-08-12 21:00:00,D014,42.0,47,52,39
2025-08-12 22:00:00,D008,53.0,53,236,45
2025-08-12 23:00:00,D005,58.0,78,32,44
2025-08-13 00:00:00,D003,39.0,69,204,45
2025-08-13 01:00:00,D003,35.0,76,253,44
2025-08-13 02:00:00,D009,35.0,21,62,33
2025-08-13 03:00:00,D014,13.0,44,691,29
2025-08-13 04:00:00,D007,53.0,54,311,47
2025-08-13 05:00:00,D009,11.0,73,809,27
2025-08-13 06:00:00,D012,67.0,30,58,59
2025-08-13 07:00:00,D012,37.0,81,997,45
2025-08-13 08:00:00,D007,15.0,73,567,21
2025-08-13 09:00:00,D013,12.0,45,313,30
2025-08-13 10:00:00,D006,71.0,98,484,53
2025-08-13 11:00:00,D011,98.0,83,986,69
2025-08-13 12:00:00,D004,99.0,95,556,74
2025-08-13 13:00:00,D018,100.0,70,879,78
2025-08-13 14:00:00,D019,79.0,89,281,59
2025-08-13 15:00:00,D005,87.0,71,727,72
2025-08-13 16:00:00,D008,91.0,75,27,77
2025-08-13 17:00:00,D019,88.0,88,700,70
2025-08-13 18:00:00,D001,78.0,86,979,56
2025-08-13 19:00:00,D015,75.0,72,647,64
2025-08-13 20:00:00,D012,86.0,63,965,61
2025-08-13 21:00:00,D005,41.0,45,865,95
2025-08-13 22:00:00,D018,78.0,83,929,65
2025-08-13 23:00:00,D016,10.0,68,422,17
2025-08-14 00:00:00,D017,15.0,65,50,24
2025-08-14 01:00:00,D010,33.0,37,923,37
2025-08-14 02:00:00,D008,37.0,29,785,38
2025-08-14 03:00:00,D006,23.0,41,246,28
2025-08-14 04:00:00,D007,21.0,54,910,27
2025-08-14 05:00:00,D019,32.0,67,455,36
2025-08-14 06:00:00,D018,48.0,45,394,42
2025-08-14 07:00:00,D009,24.0,71,898,32
2025-08-14 08:00:00,D013,43.0,70,186,36
2025-08-14 09:00:00,D003,47.0,22,632,48
2025-08-14 10:00:00,D006,78.0,52,210,62
2025-08-14 11:00:00,D009,71.0,54,835,62
2025-08-14 12:00:00,D004,64.0,50,91,59
2025-08-14 13:00:00,D018,89.0,68,293,75
2025-08-14 14:00:00,D016,83.0,84,406,62
2025-08-14 15:00:00,D011,88.0,84,496,67
2025-08-14 16:00:00,D015,90.0,91,299,73
2025-08-14 17:00:00,D017,91.0,51,664,70
2025-08-14 18:00:00,D002,,80,883,75
2025-08-14 19:00:00,D003,73.0,74,304,53
2025-08-14 20:00:00,D003,85.0,67,393,66
2025-08-14 21:00:00,D001,30.0,46,362,38
2025-08-14 22:00:00,D006,64.0,63,356,59
2025-08-14 23:00:00,D013,26.0,78,680,34
2025-08-15 00:00:00,D020,12.0,31,231,28
2025-08-15 01:00:00,D002,,65,726,55
2025-08-15 02:00:00,D005,32.0,47,347,29
2025-08-15 03:00:00,D002,33.0,50,673,35
2025-08-15 04:00:00,D014,46.0,70,220,48
2025-08-15 05:00:00,D011,32.0,76,130,36
2025-08-15 06:00:00,D009,,54,2,37
2025-08-15 07:00:00,D005,44.0,85,941,40
2025-08-15 08:00:00,D020,47.0,39,537,39
2025-08-15 09:00:00,D006,50.0,76,323,40
2025-08-15 10:00:00,D001,64.0,62,915,59
2025-08-15 11:00:00,D016,84.0,84,332,73
2025-08-15 12:00:00,D005,109.0,84,687,80
2025-08-15 13:00:00,D003,79.0,80,69,64
2025-08-15 14:00:00,D008,92.0,57,216,66
2025-08-15 15:00:00,D020,75.0,99,884,95
2025-08-15 16:00:00,D013,98.0,74,942,81
2025-08-15 17:00:00,D016,68.0,89,498,56
2025-08-15 18:00:00,D018,83.0,89,831,63
2025-08-15 19:00:00,D016,69.0,73,978,51
2025-08-15 20:00:00,D018,85.0,62,60,67
2025-08-15 21:00:00,D016,44.0,45,978,48
2025-08-15 22:00:00,D014,,68,801,32
2025-08-15 23:00:00,D017,32.0,76,977,38
2025-08-16 00:00:00,D014,,39,158,34
2025-08-16 01:00:00,D007,65.0,32,466,55
2025-08-16 02:00:00,D014,42.0,58,488,36
2025-08-16 03:00:00,D009,42.0,51,701,40
2025-08-16 04:00:00,D017,28.0,46,326,28
2025-08-16 05:00:00,D005,61.0,47,842,55
2025-08-16 06:00:00,D011,36.0,35,218,43
2025-08-16 07:00:00,D017,25.0,26,272,27
2025-08-16 08:00:00,D016,49.0,31,803,39
2025-08-16 09:00:00,D018,62.0,68,134,54
2025-08-16 10:00:00,D020,84.0,51,649,71
2025-08-16 11:00:00,D006,62.0,69,966,53
2025-08-16 12:00:00,D001,60.0,86,198,58
2025-08-16 13:00:00,D002,74.0,94,26,62
2025-08-16 14:00:00,Device_X,66.0,95,767,58
2025-08-16 15:00:00,D010,91.0,66,910,71
2025-08-16 16:00:00,D004,83.0,94,703,64
2025-08-16 17:00:00,D020,77.0,95,914,60
2025-08-16 18:00:00,D009,94.0,57,916,71
2025-08-16 19:00:00,D010,81.0,68,926,62
2025-08-16 20:00:00,D003,70.0,80,433,58
2025-08-16 21:00:00,D004,39.0,42,403,44
2025-08-16 22:00:00,D015,,62,613,38
2025-08-16 23:00:00,D015,38.0,69,619,41
2025-08-17 00:00:00,D012,24.0,47,214,25
2025-08-17 01:00:00,D006,32.0,78,602,31
2025-08-17 02:00:00,D011,37.0,75,706,42
2025-08-17 03:00:00,D008,38.0,30,229,33
2025-08-17 04:00:00,D018,42.0,80,905,37
2025-08-17 05:00:00,D011,53.0,31,835,45
2025-08-17 06:00:00,D007,23.0,75,412,33
2025-08-17 07:00:00,D007,34.0,40,906,40
2025-08-17 08:00:00,D015,28.0,67,86,30
2025-08-17 09:00:00,D020,53.0,51,818,47
2025-08-17 10:00:00,D013,64.0,53,988,61
2025-08-17 11:00:00,D008,68.0,84,101,54
2025-08-17 12:00:00,D018,104.0,62,512,72
2025-08-17 13:00:00,D011,90.0,83,518,69
2025-08-17 14:00:00,D014,62.0,61,612,58
2025-08-17 15:00:00,D013,61.0,51,399,52
2025-08-17 16:00:00,D017,91.0,56,222,75
2025-08-17 17:00:00,D014,89.0,66,416,76
2025-08-17 18:00:00,D006,83.0,55,283,60
2025-08-17 19:00:00,D005,94.0,99,47,80
2025-08-17 20:00:00,D011,81.0,73,321,59
2025-08-17 21:00:00,D012,38.0,87,919,36
2025-08-17 22:00:00,D002,20.0,41,746,24
2025-08-17 23:00:00,D020,38.0,61,796,42
2025-08-18 00:00:00,D018,40.0,49,618,39
2025-08-18 01:00:00,D013,62.0,27,900,57
2025-08-18 02:00:00,D004,14.0,52,305,19
2025-08-18 03:00:00,D008,48.0,66,282,46
2025-08-18 04:00:00,D005,60.0,37,190,52
2025-08-18 05:00:00,D014,62.0,69,486,50
2025-08-18 06:00:00,D010,27.0,63,112,34
2025-08-18 07:00:00,D007,47.0,47,197,40
2025-08-18 08:00:00,D012,59.0,80,916,47
2025-08-18 09:00:00,D016,69.0,30,872,53
2025-08-18 10:00:00,D007,82.0,56,366,60
2025-08-18 11:00:00,D010,78.0,58,304,58
2025-08-18 12:00:00,D018,102.0,70,39,77
2025-08-18 13:00:00,D015,75.0,76,616,64
2025-08-18 14:00:00,D004,78.0,77,213,95
2025-08-18 15:00:00,D015,73.0,82,752,62
2025-08-18 16:00:00,D019,89.0,71,771,67
2025-08-18 17:00:00,D009,77.0,60,432,57
2025-08-18 18:00:00,D012,82.0,98,713,73
2025-08-18 19:00:00,D002,88.0,82,714,63
2025-08-18 20:00:00,D012,82.0,91,623,64
2025-08-18 21:00:00,D012,61.0,69,235,49
2025-08-18 22:00:00,D001,49.0,51,709,39
2025-08-18 23:00:00,Device_X,66.0,61,610,57
2025-08-19 00:00:00,D003,59.0,26,463,49
2025-08-19 01:00:00,D020,59.0,44,323,56
2025-08-19 02:00:00,D014,33.0,53,302,34
2025-08-19 03:00:00,D011,57.0,27,807,54
2025-08-19 04:00:00,D003,58.0,65,38,51
2025-08-19 05:00:00,D005,53.0,53,864,55
2025-08-19 06:00:00,D012,39.0,62,976,45
2025-08-19 07:00:00,D009,42.0,79,113,47
2025-08-19 08:00:00,D013,30.0,77,853,32
2025-08-19 09:00:00,D010,15.0,75,115,27
2025-08-19 10:00:00,D013,60.0,69,825,60
2025-08-19 11:00:00,D014,67.0,59,969,50
2025-08-19 12:00:00,D009,62.0,60,12,56
2025-08-19 13:00:00,D017,84.0,60,446,65
2025-08-19 14:00:00,D004,98.0,75,718,74
2025-08-19 15:00:00,D008,60.0,53,253,59
2025-08-19 16:00:00,D012,107.0,72,235,80
2025-08-19 17:00:00,D004,75.0,56,22,67
2025-08-19 18:00:00,D011,92.0,78,192,75
2025-08-19 19:00:00,D007,71.0,56,640,62
2025-08-19 20:00:00,D007,85.0,89,457,69
2025-08-19 21:00:00,D002,54.0,32,439,48
2025-08-19 22:00:00,D004,100.0,43,428,30
2025-08-19 23:00:00,D002,22.0,50,93,24
2025-08-20 00:00:00,D015,40.0,59,463,34
2025-08-20 01:00:00,D020,100.0,31,357,48
2025-08-20 02:00:00,D008,41.0,67,270,44
2025-08-20 03:00:00,D013,64.0,40,621,62
2025-08-20 04:00:00,D005,72.0,86,653,64
2025-08-20 05:00:00,D011,34.0,70,99,44
2025-08-20 06:00:00,D007,16.0,57,480,21
2025-08-20 07:00:00,D013,48.0,56,119,39
2025-08-20 08:00:00,D008,26.0,71,603,25
2025-08-20 09:00:00,D014,26.0,61,204,38
2025-08-20 10:00:00,D016,67.0,72,508,59
2025-08-20 11:00:00,D017,88.0,99,20,62
2025-08-20 12:00:00,D016,78.0,57,166,61
2025-08-20 13:00:00,D009,95.0,75,927,78
2025-08-20 14:00:00,D012,94.0,75,938,77
2025-08-20 15:00:00,D007,77.0,64,224,61
2025-08-20 16:00:00,D012,109.0,95,182,83
2025-08-20 17:00:00,Device_X,94.0,78,96,79
2025-08-20 18:00:00,D020,81.0,80,394,65
2025-08-20 19:00:00,D012,100.0,64,791,78
2025-08-20 20:00:00,D016,81.0,57,379,61
2025-08-20 21:00:00,D019,23.0,58,293,24
2025-08-20 22:00:00,D002,20.0,73,104,22
2025-08-20 23:00:00,D012,59.0,83,113,50
2025-08-21 00:00:00,D014,65.0,26,118,57
2025-08-21 01:00:00,D003,68.0,57,212,51
2025-08-21 02:00:00,D017,53.0,63,158,41
2025-08-21 03:00:00,D010,44.0,39,512,37
2025-08-21 04:00:00,D013,53.0,46,443,54
2025-08-21 05:00:00,D017,45.0,42,672,46
2025-08-21 06:00:00,D011,47.0,25,379,46
2025-08-21 07:00:00,D015,43.0,55,357,35
2025-08-21 08:00:00,D008,49.0,73,204,43
2025-08-21 09:00:00,D008,28.0,22,594,30
2025-08-21 10:00:00,D019,78.0,96,262,63
2025-08-21 11:00:00,D016,77.0,97,683,62
2025-08-21 12:00:00,D017,71.0,94,138,58
2025-08-21 13:00:00,D014,100.0,98,676,50
2025-08-21 14:00:00,D005,99.0,88,209,81
2025-08-21 15:00:00,D007,92.0,56,890,72
2025-08-21 16:00:00,D011,68.0,61,35,64
2025-08-21 17:00:00,D004,95.0,77,441,79
2025-08-21 18:00:00,D019,96.0,88,344,67
2025-08-21 19:00:00,D012,104.0,67,527,80
2025-08-21 20:00:00,D011,93.0,88,196,75
2025-08-21 21:00:00,D002,25.0,58,589,29
2025-08-21 22:00:00,D017,30.0,63,636,30
2025-08-21 23:00:00,D007,47.0,27,77,42
2025-08-22 00:00:00,D002,50.0,30,984,45
2025-08-22 01:00:00,D007,66.0,58,979,54
2025-08-22 02:00:00,D011,38.0,62,359,33
2025-08-22 03:00:00,D019,13.0,77,326,17
2025-08-22 04:00:00,D005,53.0,62,153,41
2025-08-22 05:00:00,D001,60.0,25,530,55
2025-08-22 06:00:00,D011,42.0,20,333,39
2025-08-22 07:00:00,D020,10.0,71,707,17
2025-08-22 08:00:00,D009,23.0,50,475,23
2025-08-22 09:00:00,D014,38.0,55,997,41
2025-08-22 10:00:00,D017,81.0,74,514,64
2025-08-22 11:00:00,D005,78.0,93,661,68
2025-08-22 12:00:00,D005,100.0,86,468,70
2025-08-22 13:00:00,D014,95.0,66,149,80
2025-08-22 14:00:00,D016,75.0,69,413,66
2025-08-22 15:00:00,D008,83.0,52,473,61
2025-08-22 16:00:00,D001,61.0,64,598,57
2025-08-22 17:00:00,D010,77.0,71,558,56
2025-08-22 18:00:00,D013,92.0,54,730,77
2025-08-22 19:00:00,D014,83.0,52,751,61
2025-08-22 20:00:00,D017,89.0,84,560,77
2025-08-22 21:00:00,D014,21.0,47,684,34
2025-08-22 22:00:00,D011,26.0,59,177,29
2025-08-22 23:00:00,D020,20.0,76,633,23
2025-08-23 00:00:00,D010,19.0,62,892,26
2025-08-23 01:00:00,D004,33.0,31,555,35
2025-08-23 02:00:00,D013,46.0,25,321,42
2025-08-23 03:00:00,D018,48.0,73,125,52
2025-08-23 04:00:00,D008,60.0,43,176,51
2025-08-23 05:00:00,D006,63.0,54,106,47
2025-08-23 06:00:00,D014,45.0,77,716,42
2025-08-23 07:00:00,D011,21.0,61,551,28
2025-08-05 19:00:00,D009,63.0,56,215,48
2025-06-14 06:00:00,D007,55.0,71,29,56
2025-07-28 19:00:00,D013,98.0,77,106,74
2025-06-03 09:00:00,D002,10.0,67,254,27
2025-07-10 17:00:00,D014,67.0,95,490,50
2025-08-15 19:00:00,D016,69.0,73,978,51
2025-08-13 22:00:00,D018,78.0,83,929,65
2025-08-11 01:00:00,D011,37.0,47,840,38
2025-06-07 11:00:00,D003,60.0,70,823,51
2025-08-16 00:00:00,D014,,39,158,34
2025-07-04 17:00:00,D001,100.0,94,855,79
2025-06-28 09:00:00,D011,66.0,42,176,54
2025-06-18 15:00:00,D020,87.0,92,933,76
2025-08-19 00:00:00,D003,59.0,26,463,49
2025-06-01 15:00:00,D002,69.0,85,270,65
2025-06-02 20:00:00,D005,101.0,89,638,71
2025-07-23 17:00:00,D001,62.0,84,709,57
2025-07-22 22:00:00,D001,54.0,55,148,43
2025-06-22 14:00:00,D013,93.0,57,917,66
2025-06-03 16:00:00,D009,95.0,82,580,67
